SAMEA20125168	
SAMEA20094418	
SAMD00111216	
SAMN07763267	
SAMEA20133418	
SAMN06650316	
SAMEA18890668	
SAMEA20062918	
SAMEA20115418	
SAMN02782262	
SAMEA4415595	
SAMEA20026918	
SAMEA18816418	
SAMEA20089918	
SAMEA18844168	
SAMEA20102668	
SAMEA18691918	
SAMEA20073418	
SAMEA18690418	
SAMEA20147668	
SAMEA20078668	
SAMEA1094325	
SAMN07184678	
SAMD00108506	
SAMN08779225	
SAMN08779129	
SAMN07256500	
SAMN04910056	
SAMN04910039	
SAMN04263084	
SAMN04263080	
SAMN04263004	
SAMN04262913	
SAMN06264197	
SAMN04127634	
SAMN06264289	
SAMN06264285	
SAMN06264210	
SAMN04263390	
SAMN04263352	
SAMN04263248	
SAMN04263291	
SAMN04263391	
SAMN04263345	
SAMN04263315	
SAMN04263269	
SAMN04262933	
SAMN04262819	
SAMN04262742	
SAMN04262859	
SAMN04262890	
SAMN04262936	
SAMN04262849	
SAMN04262905	
SAMN04262930	
SAMN04262950	
SAMN04262969	
SAMN04262997	
SAMN04519614	
SAMD00049920	
SAMN05446995	
SAMN08778567	
SAMN05601552	
SAMN05601549	
SAMN05601555	
SAMN05928437	
SAMN07191188	
SAMN05928404	
SAMN05928415	
SAMN05928470	
SAMN05928443	
SAMEA104600808	
SAMN03443371	
SAMN04087705	
SAMN04087717	
SAMEA4051017	
SAMEA4051010	
SAMEA4051028	
SAMEA4051038	
SAMN07322325	
SAMN05519285	
SAMN09767149	
SAMN08138973	
SAMN06650958	
SAMN05846311	
SAMN06650940	
SAMN06650957	
SAMN04437824	
SAMN05294293	
SAMEA18883168	
SAMEA18863668	
SAMEA20031418	
SAMN07645544	
SAMN08163674	
SAMEA104151926	
SAMEA56085418	
SAMEA2593210	
SAMN06297131	
SAMN09982150	
SAMN09982188	
SAMN09982171	
SAMN09982144	
SAMD00089731	
SAMN05294330	
SAMN09982129	
SAMN05294248	
SAMN05294310	
SAMN05294341	
SAMN05294215	
SAMN05294342	
SAMN05294361	
SAMN05294263	
SAMN09982163	
SAMEA1710322	
SAMN09982148	
SAMEA4825680	
SAMEA104042118	
SAMEA104042122	
SAMEA104042126	
SAMN05519059	
SAMN05519204	
SAMN00265059	
SAMN00265055	
SAMN06650301	
SAMN05606375	
SAMN06737503	
SAMN06737475	
SAMN06737482	
SAMN06737464	
SAMN06232395	
SAMN04957245	
SAMEA2822176	
SAMEA2822174	
SAMN08865357	
SAMN06434701	
SAMN04263061	
SAMN04263116	
SAMN04263085	
SAMN04263051	
SAMN04263070	
SAMN04263074	
SAMN04263065	
SAMN06650460	
SAMN06650370	
SAMN01048051	
SAMN01048036	
SAMN01048068	
SAMN01048082	
SAMN09767152	
SAMN08865297	
SAMN08865376	
SAMN08865268	
SAMN08865267	
SAMN08865270	
SAMN03996875	
SAMN02194113	
SAMN02194189	
SAMN05443991	
SAMN02193975	
SAMN02194115	
SAMN09767157	
SAMN00631807	
SAMN04127633	
SAMN04127643	
SAMEA3607423	
SAMEA3607540	
SAMN02840674	
SAMN02840667	
SAMN02840712	
SAMN02840691	
SAMN02840761	
SAMN02840739	
SAMN08138989	
SAMN09767144	
SAMN06236464	
SAMN09373068	
SAMN09373061	
SAMN05219443	
SAMN03992657	
SAMN09373058	
SAMN06650320	
SAMN04262687	
SAMN04262776	
SAMN06434517	
SAMN04262693	
SAMN06434530	
SAMN02716983	
SAMN06434619	
SAMN04262667	
SAMN04262823	
SAMN04263363	
SAMN04263139	
SAMN04263181	
SAMN04263202	
SAMN04263287	
SAMN04263213	
SAMN04263373	
SAMN04262677	
SAMN04262744	
SAMN06434635	
SAMN06650462	
SAMN06650493	
SAMN04263135	
SAMN04262699	
SAMN06434652	
SAMN03112821	
SAMN04262671	
SAMN04262725	
SAMN06650340	
SAMN06650306	
SAMN06650466	
SAMN06650495	
SAMEA3145101	
SAMD00018481	
SAMEA104027689	
SAMEA103959746	
SAMEA103959748	
SAMEA103959747	
SAMEA104153803	
SAMN05734795	
SAMN09202944	
SAMN08932774	
SAMN07508952	
SAMN08932797	
SAMN08932784	
SAMN08932782	
SAMN08932778	
SAMN08241852	
SAMN08274600	
SAMN02440167	
SAMN08274653	
SAMEA104027684	
SAMEA104027686	
SAMEA104027683	
SAMEA104027682	
SAMN04159668	
SAMN04159665	
SAMEA4358957	
SAMEA4415602	
SAMEA4358948	
SAMN04159652	
SAMN10133544	
SAMN02782248	
SAMN02782259	
SAMN02782280	
SAMN09237103	
SAMN09237101	
SAMN05290711	
SAMN05290638	
SAMN05290716	
SAMN05290666	
SAMN05290677	
SAMN05290673	
SAMN07184682	
SAMN06017434	
SAMN04577991	
SAMEA2239857	
SAMEA2239863	
SAMEA2239878	
SAMEA2239853	
SAMD00013258	
SAMD00013264	
SAMD00013266	
SAMD00013255	
SAMD00056880	
SAMD00056888	
SAMD00018740	
SAMD00018742	
SAMD00018731	
SAMD00065989	
SAMD00065731	
SAMD00065708	
SAMD00065759	
SAMEA3597838	
SAMEA3981931	
SAMN09579997	
SAMN09343330	
SAMN08226269	
SAMEA104107486	
SAMN04992402	
SAMEA3472104	
SAMN10346405	
SAMEA4370495	
SAMEA4370468	
SAMEA3472099	
SAMEA104107526	
SAMN09254096	
SAMN09254130	
SAMN05596711	
SAMN10349282	
SAMN05596412	
SAMN05452848	
SAMN07682662	
SAMEA104437681	
SAMN02368882	
SAMN02368173	
SAMN01885985	
SAMN05468024	
SAMEA1324929	
SAMN09727447	
SAMN09290303	
SAMEA3981613	
SAMN05567332	
SAMEA4560383	
SAMN09633765	
SAMEA4428306	
SAMN08978089	
SAMEA4853204	
SAMN02924062	
SAMN10068424	
SAMN02680247	
SAMN10253026	
SAMEA4560170	
SAMN03360018	
SAMN10353923	
SAMEA104027532	
SAMN06030685	
SAMN07638430	
SAMN06826844	
SAMN00727766	
SAMN03492650	
SAMN07137464	
SAMN09866793	
SAMEA104146634	
SAMN02368863	
SAMN04992997	
SAMN06645699	
SAMN09954429	
SAMEA4464622	
SAMN06035378	
SAMN03570555	
SAMN09384666	
SAMEA1486285	
SAMEA4776347	
SAMN02680181	
SAMEA3981250	
SAMN05163721	
SAMN06198651	
SAMEA4363150	
SAMN02368844	
SAMEA4533639	
SAMEA1317839	
SAMN01885951	
SAMEA1486459	
SAMEA1466177	
SAMN09780226	
SAMEA4950248	
SAMN06029431	
SAMN03358621	
SAMN10221376	
SAMN08963783	
SAMEA3472145	
SAMEA104407607	
SAMN06645923	
SAMN05439317	
SAMN05977351	
SAMN08362293	
SAMN09954420	
SAMN09637268	
SAMEA3304049	
SAMEA4363218	
SAMN06463896	
SAMEA3304615	
SAMN09388567	
SAMN10075599	
SAMN03359632	
SAMEA104027471	
SAMN09405591	
SAMEA3322099	
SAMEA3980835	
SAMEA3980889	
SAMEA3981803	
SAMN02368856	
SAMEA104146942	
SAMEA3980863	
SAMEA3981583	
SAMN05163785	
SAMN03570475	
SAMN04993060	
SAMEA4916050	
SAMN00847670	
SAMEA3281498	
SAMEA104039973	
SAMN07172349	
SAMN05468048	
SAMN05432149	
SAMN02689035	
SAMN07510213	
SAMEA104418391	
SAMN03570443	
SAMN00854667	
SAMEA2205643	
SAMEA4370404	
SAMEA4370320	
SAMEA4062082	
SAMEA3981617	
SAMD00029130	
SAMN09405589	
SAMEA4062157	
SAMEA3981172	
SAMN08355153	
SAMN06630115	
SAMN09580047	
SAMN02463248	
SAMEA1317816	
SAMN04992468	
SAMN04992425	
SAMN05439333	
SAMEA1886644	
SAMEA92152168	
SAMEA92150668	
SAMEA92142418	
SAMN06712426	
SAMEA104205997	
SAMEA1466685	
SAMEA104407579	
SAMN09372489	
SAMEA26858668	
SAMN05806161	
SAMEA104039988	
SAMEA4429114	
SAMEA104060413	
SAMN04357703	
SAMEA104458078	
SAMEA104121152	
SAMN06209723	
SAMN05770944	
SAMEA104142852	
SAMEA3918611	
SAMEA4370455	
SAMEA4370452	
SAMN05977328	
SAMN06645564	
SAMEA2072931	
SAMEA3716527	
SAMEA4559598	
SAMEA4427797	
SAMN07677100	
SAMEA104146879	
SAMEA104146880	
SAMN06677709	
SAMEA4428261	
SAMD00053131	
SAMEA78941668	
SAMEA4559578	
SAMN07677493	
SAMN10349296	
SAMEA1062056	
SAMN02442867	
SAMEA4427966	
SAMEA4559641	
SAMEA3753063	
SAMN05440412	
SAMEA104407465	
SAMEA1886641	
SAMEA3751081	
SAMN10221118	
SAMN07645998	
SAMN07488852	
SAMEA4427854	
SAMN10039370	
SAMN08519294	
SAMEA1886603	
SAMN03326075	
SAMN03326077	
SAMEA4559531	
SAMEA4428231	
SAMEA4428240	
SAMEA3982023	
SAMEA3981911	
SAMEA3980566	
SAMEA3980776	
SAMEA3981184	
SAMEA3980639	
SAMEA1486276	
SAMN07162822	
SAMN01885749	
SAMN05980948	
SAMEA3538736	
SAMEA3980634	
SAMEA3981121	
SAMEA3322102	
SAMEA3981687	
SAMEA104147070	
SAMN04160759	
SAMN10346412	
SAMN10289346	
SAMN04625459	
SAMEA4560168	
SAMN05010851	
SAMN06006255	
SAMEA1570394	
SAMN03358624	
SAMN08994073	
SAMN06622017	
SAMN03569443	
SAMN03569442	
SAMN04358337	
SAMN08793050	
SAMN08040244	
SAMN04625597	
SAMN05607754	
SAMN04335362	
SAMN05950855	
SAMN05755763	
SAMN07461287	
SAMN03743636	
SAMN02352973	
SAMN09074499	
SAMN05718053	
SAMN07500781	
SAMN08792981	
SAMN07450751	
SAMN10349237	
SAMN08200168	
SAMN07510128	
SAMN03354236	
SAMN03653586	
SAMN04450429	
SAMN09464690	
SAMN06607502	
SAMN07599885	
SAMN03098245	
SAMN05163717	
SAMN07599901	
SAMN08963861	
SAMN07419989	
SAMN08792978	
SAMN08804675	
SAMN09831241	
SAMN09623571	
SAMN09925327	
SAMN03980340	
SAMN04502597	
SAMN10267434	
SAMN03277085	
SAMN07780123	
SAMN08793000	
SAMN08793007	
SAMN03968904	
SAMN08792991	
SAMN08793008	
SAMN08793030	
SAMN03921927	
SAMEA1324895	
SAMEA1689067	
SAMEA1569720	
SAMEA1569913	
SAMN09227762	
SAMEA3535198	
SAMEA3539108	
SAMEA3539099	
SAMEA1569986	
SAMEA3539492	
SAMN01923860	
SAMD00004015	
SAMEA1903635	
SAMEA3539386	
SAMEA3539385	
SAMEA3539041	
SAMEA3539362	
SAMEA3539083	
SAMEA3539354	
SAMN01923826	
SAMEA3539345	
SAMEA3539077	
SAMN01923846	
SAMEA3538341	
SAMEA3539026	
SAMN01923837	
SAMEA3538273	
SAMN05440363	
SAMEA4427786	
SAMN08039943	
SAMEA4061917	
SAMN08146168	
SAMN04396029	
SAMN04335667	
SAMN04448469	
SAMEA3697211	
SAMN08978129	
SAMN04913878	
SAMEA3485111	
SAMN09580045	
SAMEA104205936	
SAMN05977323	
SAMN09580025	
SAMN05734353	
SAMN05981706	
SAMN02368904	
SAMN07747756	
SAMN05402765	
SAMEA104107519	
SAMN07645989	
SAMEA4916093	
SAMN05440384	
SAMN05326692	
SAMN08039976	
SAMEA4061274	
SAMN06645809	
SAMN08039958	
SAMN09372441	
SAMN09244099	
SAMN09371852	
SAMN10221419	
SAMN08039965	
SAMEA3597789	
SAMN08039988	
SAMN01885972	
SAMN05439494	
SAMEA4061211	
SAMN08039975	
SAMN04992311	
SAMEA4429679	
SAMEA4428571	
SAMN07818943	
SAMN06015505	
SAMN05163782	
SAMEA3281455	
SAMN05170895	
SAMN06035373	
SAMN06035339	
SAMN05966680	
SAMN09458555	
SAMN05734334	
SAMN09233432	
SAMD00034549	
SAMN10230808	
SAMD00099613	
SAMN04578348	
SAMN07967177	
SAMN04531140	
SAMN01036887	
SAMN09092906	
SAMN03922111	
SAMN06461640	
SAMD00083879	
SAMN10057205	
SAMN09651482	
SAMN07163237	
SAMN05179989	
SAMN05326681	
SAMN07767804	
SAMD00034553	
SAMN05360238	
SAMN04191553	
SAMN06461650	
SAMN05526601	
SAMN05526600	
SAMN07159364	
SAMN05526615	
SAMN09276326	
SAMN09371763	
SAMN10065462	
SAMN07672789	
SAMN03358686	
SAMN03492082	
SAMN09628520	
SAMN01041348	
SAMN10112343	
SAMN09990621	
SAMN09428946	
SAMN05360214	
SAMN04498714	
SAMN06282382	
SAMN04490317	
SAMN05360222	
SAMN02597291	
SAMD00066629	
SAMEA3635362	
SAMN07672325	
SAMN06015498	
SAMN06014877	
SAMN08242661	
SAMN08024699	
SAMN09752987	
SAMN08357461	
SAMN08362296	
SAMN07193415	
SAMN04870295	
SAMN09623568	
SAMN10139431	
SAMN04526076	
SAMN10182641	
SAMN09779985	
SAMN03283211	
SAMN07948006	
SAMN07976500	
SAMD00034539	
SAMN05965875	
SAMN08227003	
SAMN08767820	
SAMN07716775	
SAMN08638721	
SAMN08638676	
SAMN08638620	
SAMN06018610	
SAMEA1570410	
SAMN07672564	
SAMN10064171	
SAMN09284873	
SAMN10068463	
SAMN07673077	
SAMN06015316	
SAMN09489715	
SAMN07672488	
SAMN05735423	
SAMN05735352	
SAMN10068425	
SAMN09384678	
SAMN05980580	
SAMN05980926	
SAMN03496177	
SAMN05964162	
SAMN06019236	
SAMN07672944	
SAMN09244185	
SAMN05966270	
SAMN05980177	
SAMN07672224	
SAMN05965829	
SAMN05966257	
SAMN05980455	
SAMN07672234	
SAMN05980594	
SAMN05326684	
SAMN05966708	
SAMN07708884	
SAMN09387434	
SAMN05980242	
SAMN09388639	
SAMN07429624	
SAMN03492118	
SAMN03703037	
SAMN06015350	
SAMN09395402	
SAMN09459129	
SAMN05965506	
SAMN09655642	
SAMN09467072	
SAMN05965775	
SAMN07672977	
SAMN07672593	
SAMN03358700	
SAMN03492424	
SAMN03492760	
SAMN03492788	
SAMN03492444	
SAMN07709008	
SAMN10392695	
SAMN05965444	
SAMEA3635221	
SAMN05965407	
SAMN04028520	
SAMN06014935	
SAMN06005931	
SAMN08095830	
SAMN07672533	
SAMN07708598	
SAMN07672492	
SAMN06014930	
SAMN03496101	
SAMN05980379	
SAMN07709006	
SAMN08095838	
SAMN07672576	
SAMN07672567	
SAMN07672604	
SAMN07672374	
SAMN06014928	
SAMEA4697845	
SAMEA2223795	
SAMN03702976	
SAMN09266693	
SAMN07672277	
SAMN09268884	
SAMN07672759	
SAMN07672495	
SAMN05980756	
SAMEA4697838	
SAMEA4697806	
SAMEA4697818	
SAMEA4697851	
SAMN07672220	
SAMN07672345	
SAMN07708563	
SAMN10238099	
SAMN09878877	
SAMN09910485	
SAMN10068496	
SAMN10075696	
SAMN10057269	
SAMN07673020	
SAMN07672958	
SAMN05964685	
SAMN05965354	
SAMN10068432	
SAMN10232605	
SAMN10065445	
SAMN05966873	
SAMN07672578	
SAMN06015105	
SAMD00049263	
SAMN03940277	
SAMD00066742	
SAMN01885524	
SAMN03462118	
SAMN05360158	
SAMN04504825	
SAMN10222560	
SAMN04097064	
SAMN04097132	
SAMN04097097	
SAMN04097120	
SAMN04097168	
SAMN04097143	
SAMN04028581	
SAMN05845063	
SAMN07815171	
SAMN09738541	
SAMN09738485	
SAMN05210277	
SAMN04849857	
SAMN04868821	
SAMN04849859	
SAMN06250273	
SAMN10097141	
SAMN09668408	
SAMN09738621	
SAMN09738642	
SAMN09738622	
SAMN09738628	
SAMN09738640	
SAMN09738635	
SAMN04504818	
SAMN08234256	
SAMN07807113	
SAMN01036878	
SAMN03492667	
SAMN03462141	
SAMN03140422	
SAMN10138398	
SAMN10038156	
SAMN09738448	
SAMN09873009	
SAMD00083805	
SAMN05368343	
SAMN06005829	
SAMN09014274	
SAMN09215340	
SAMN08743436	
SAMN05526617	
SAMN04447601	
SAMN03358670	
SAMN04447585	
SAMN03922110	
SAMN09738523	
SAMN09738451	
SAMN04097033	
SAMN07409532	
SAMN09112657	
SAMD00049279	
SAMN07717158	
SAMN08102382	
SAMN09668420	
SAMN07975440	
SAMN09623585	
SAMN09697964	
SAMN07757141	
SAMN08100393	
SAMN07312137	
SAMN09779781	
SAMN07646017	
SAMN06140674	
SAMN09489691	
SAMN09474349	
SAMN07729796	
SAMN10227568	
SAMN09289850	
SAMN08326701	
SAMN10391785	
SAMN05517853	
SAMD00083886	
SAMN03444580	
SAMN04447489	
SAMN04447488	
SAMN04447518	
SAMN04447523	
SAMN08355145	
SAMN10112332	
SAMN09740113	
SAMN05725738	
SAMN09752995	
SAMN03940274	
SAMN09738587	
SAMN04510392	
SAMN10093036	
SAMN04510400	
SAMN04510396	
SAMD00049273	
SAMN07436357	
SAMN09071731	
SAMN03569143	
SAMN07716597	
SAMN07485673	
SAMN10112308	
SAMN04913995	
SAMN07411440	
SAMN07430074	
SAMN10297802	
SAMN09738449	
SAMN00769932	
SAMN08963223	
SAMN04625557	
SAMN09738578	
SAMN10139129	
SAMN10138414	
SAMN04521102	
SAMN06005853	
SAMN04027107	
SAMN06204079	
SAMN03329673	
SAMN06246883	
SAMN09691901	
SAMN09229882	
SAMN05273177	
SAMN05273181	
SAMN03838552	
SAMN07672666	
SAMN03358697	
SAMN09242649	
SAMD00066670	
SAMEA2223790	
SAMEA3635223	
SAMN03651611	
SAMN07673080	
SAMN07672950	
SAMN03496191	
SAMN09466983	
SAMN07673160	
SAMEA3635196	
SAMN03702944	
SAMN03492757	
SAMN07157009	
SAMN09012076	
SAMN06256295	
SAMN04028616	
SAMN08355100	
SAMD00083833	
SAMN07375720	
SAMN09691883	
SAMN04490297	
SAMN00769836	
SAMN05360231	
SAMN04490328	
SAMN04490353	
SAMN08638591	
SAMN08638582	
SAMN08638740	
SAMN08638573	
SAMN08638589	
SAMN08638604	
SAMN01805332	
SAMN08638692	
SAMN08638661	
SAMN08638681	
SAMN08638767	
SAMN09474699	
SAMN09242906	
SAMN09242600	
SAMN07673027	
SAMEA3635210	
SAMN04028447	
SAMN08365445	
SAMN07673082	
SAMN07708854	
SAMN09457801	
SAMN07673155	
SAMN07708852	
SAMN07601798	
SAMN07708850	
SAMN07672938	
SAMN05965617	
SAMN06006108	
SAMN07672189	
SAMN05966242	
SAMN06015239	
SAMN03492030	
SAMEA3635313	
SAMN07673057	
SAMN03492083	
SAMEA3635249	
SAMN03492513	
SAMN06037987	
SAMEA3635218	
SAMN03492654	
SAMEA3635276	
SAMN09225609	
SAMN03702971	
SAMN03496153	
SAMN03492419	
SAMN03492229	
SAMN10187090	
SAMN10147523	
SAMN09268780	
SAMN10093657	
SAMN05965448	
SAMN09457838	
SAMN07672509	
SAMN07708604	
SAMN05965560	
SAMN10057186	
SAMN07672760	
SAMN10075612	
SAMN05733986	
SAMN07672190	
SAMN03702975	
SAMN09290321	
SAMN05980413	
SAMN05381034	
SAMN07672274	
SAMN03496200	
SAMN04028436	
SAMEA3635311	
SAMN03492762	
SAMN03492484	
SAMN05367031	
SAMN03702946	
SAMN03492458	
SAMN07601819	
SAMN04028487	
SAMN09257832	
SAMN09467009	
SAMN07672937	
SAMN07672270	
SAMN04028434	
SAMN09395520	
SAMN04028492	
SAMEA3635255	
SAMN03492023	
SAMN03496166	
SAMN07672258	
SAMN04028574	
SAMN07601816	
SAMN03492482	
SAMN03492413	
SAMN06037981	
SAMN06039723	
SAMN05367026	
SAMN08765100	
SAMN08765097	
SAMN05966771	
SAMN06005929	
SAMN06006045	
SAMN03492494	
SAMN08095887	
SAMN05965684	
SAMN09266947	
SAMN06016493	
SAMN06018883	
SAMN09232611	
SAMN08904793	
SAMN07429637	
SAMN04913921	
SAMN06217907	
SAMEA104371136	
SAMN05965710	
SAMEA104371137	
SAMN07672946	
SAMEA104371135	
SAMN03358341	
SAMN03702943	
SAMN10238118	
SAMN07672785	
SAMN03492724	
SAMN07672697	
SAMN07672669	
SAMN07672696	
SAMN10057748	
SAMN07672678	
SAMN08687014	
SAMN04028549	
SAMN03492203	
SAMN07673180	
SAMN09268771	
SAMN10106051	
SAMEA3677958	
SAMN05966302	
SAMN09990718	
SAMN05980408	
SAMN05734292	
SAMN05733982	
SAMN06005998	
SAMN10147510	
SAMN10269677	
SAMN05965663	
SAMN09710714	
SAMN08102367	
SAMN09738476	
SAMN07490596	
SAMN08832900	
SAMN07413924	
SAMN00808716	
SAMN08499970	
SAMN07571657	
SAMN07760987	
SAMN05360164	
SAMN09787728	
SAMN06457913	
SAMN07716557	
SAMN03358350	
SAMN08102568	
SAMD00069765	
SAMN05225328	
SAMD00034545	
SAMN10231827	
SAMN06464141	
SAMN06127441	
SAMN09738482	
SAMN04028440	
SAMN03492665	
SAMN03492635	
SAMN03492523	
SAMN08100247	
SAMN08100224	
SAMN03795202	
SAMN08638619	
SAMN08996083	
SAMN08140742	
SAMN09738636	
SAMN10138304	
SAMN07807102	
SAMN09255841	
SAMN03358356	
SAMN10231742	
SAMN00808702	
SAMN08868509	
SAMN10396709	
SAMN09934141	
SAMN04148325	
SAMN08963265	
SAMN07964827	
SAMN09752983	
SAMN09197677	
SAMN09637237	
SAMN09690532	
SAMN07537159	
SAMN09060457	
SAMN08963249	
SAMN09222106	
SAMN08964477	
SAMN09060282	
SAMN09198394	
SAMN10037955	
SAMN09074503	
SAMN10112293	
SAMN08743333	
SAMN08964481	
SAMN04422406	
SAMN04422394	
SAMN10112139	
SAMN04429907	
SAMN04422436	
SAMN07657145	
SAMN10112286	
SAMN06145431	
SAMN04395684	
SAMN07509343	
SAMN06456786	
SAMN09489837	
SAMN07333879	
SAMN08646862	
SAMN10251129	
SAMN00769573	
SAMN06766096	
SAMN06010535	
SAMN09637207	
SAMN03785358	
SAMN08501097	
SAMN08130228	
SAMN07351351	
SAMN07230096	
SAMN09753004	
SAMN09813311	
SAMN09878968	
SAMN08196771	
SAMN10391783	
SAMN07159357	
SAMN09878838	
SAMN04528839	
SAMN07767514	
SAMN09925349	
SAMN08226111	
SAMN07461222	
SAMN05954789	
SAMN07967176	
SAMN10163274	
SAMN05818648	
SAMN05967927	
SAMN03703265	
SAMN09738475	
SAMN04429927	
SAMN10279905	
SAMN07258891	
SAMN04191561	
SAMN09779848	
SAMN08743437	
SAMN04633174	
SAMN09763637	
SAMN08743432	
SAMN09474701	
SAMN09489809	
SAMN06005811	
SAMN06005840	
SAMN06005820	
SAMN10391841	
SAMN08367410	
SAMN10138303	
SAMN07317074	
SAMN09740710	
SAMN05733786	
SAMN09740145	
SAMN07375592	
SAMN09907192	
SAMN07526012	
SAMN03952738	
SAMN06186851	
SAMN04913979	
SAMN04913985	
SAMN10079578	
SAMD00069779	
SAMD00083846	
SAMN04931861	
SAMN08130255	
SAMN04490335	
SAMN07304656	
SAMN06298795	
SAMN06607504	
SAMN07761794	
SAMN07274003	
SAMN09880114	
SAMN05768321	
SAMN04558506	
SAMN09428907	
SAMEA4363483	
SAMN08162483	
SAMEA4058410	
SAMEA4061791	
SAMN05597625	
SAMN07498450	
SAMN03701000	
SAMN07149937	
SAMN09405877	
SAMEA4560366	
SAMEA4429641	
SAMN03019945	
SAMN06017299	
SAMEA4062393	
SAMEA3753137	
SAMEA3597759	
SAMN05368318	
SAMEA4062150	
SAMEA4062124	
SAMN09580016	
SAMN03295433	
SAMN09343320	
SAMEA4363403	
SAMEA104142919	
SAMEA4427880	
SAMEA3697176	
SAMN08481365	
SAMEA3752749	
SAMEA104146721	
SAMN06645754	
SAMN07677377	
SAMEA4428483	
SAMEA104137799	
SAMN05981719	
SAMN05981783	
SAMN05981722	
SAMN09405872	
SAMN09405871	
SAMEA104147005	
SAMEA2204813	
SAMEA4848530	
SAMEA2204984	
SAMEA4362838	
SAMN04558534	
SAMEA3304100	
SAMN09371836	
SAMEA2003803	
SAMEA1964628	
SAMEA104039787	
SAMN02442824	
SAMN05763411	
SAMN05763412	
SAMEA3980554	
SAMN05763386	
SAMN09001164	
SAMN08235527	
SAMN08055014	
SAMEA3531637	
SAMEA4043295	
SAMEA3531709	
SAMN06048948	
SAMEA4470341	
SAMN05763392	
SAMN05763399	
SAMN05763393	
SAMN07682691	
SAMEA3980656	
SAMEA4533594	
SAMN04273129	
SAMEA4429682	
SAMEA4043240	
SAMN05763357	
SAMN05763365	
SAMN05763349	
SAMEA3981975	
SAMEA4363207	
SAMEA4362933	
SAMEA4362935	
SAMEA3322046	
SAMEA4062132	
SAMEA4061223	
SAMEA3980755	
SAMEA1062005	
SAMN04510565	
SAMN08902701	
SAMEA4428463	
SAMEA4552094	
SAMEA4362915	
SAMN05981743	
SAMEA1903724	
SAMEA3375242	
SAMEA4429218	
SAMEA4429433	
SAMEA4370341	
SAMN09244757	
SAMN09244756	
SAMN10039507	
SAMEA4552161	
SAMEA3981427	
SAMEA4429723	
SAMN09866986	
SAMEA104060391	
SAMEA104188733	
SAMEA4429055	
SAMEA1903711	
SAMEA1903709	
SAMN03326100	
SAMN03326101	
SAMEA104040102	
SAMEA1903747	
SAMEA104060456	
SAMN08519248	
SAMEA3375258	
SAMEA4429233	
SAMEA3980675	
SAMEA1964635	
SAMEA104452157	
SAMEA1466135	
SAMN07782579	
SAMEA3538901	
SAMEA2056906	
SAMN03358566	
SAMN05607355	
SAMN04357607	
SAMEA2204545	
SAMEA104027646	
SAMD00062390	
SAMEA3538445	
SAMN06645558	
SAMEA4429066	
SAMN09866861	
SAMN06231252	
SAMEA3981831	
SAMEA4062174	
SAMEA3538418	
SAMEA3531672	
SAMN04357716	
SAMEA4362944	
SAMEA4428942	
SAMN05770832	
SAMEA1031216	
SAMN10039441	
SAMN07189563	
SAMN04622921	
SAMEA4061823	
SAMN03326105	
SAMN04357551	
SAMEA2385651	
SAMN07677295	
SAMN06645705	
SAMN06645697	
SAMN04447478	
SAMEA3357493	
SAMN10058848	
SAMN09866831	
SAMN09866846	
SAMD00062417	
SAMEA2272869	
SAMEA3531689	
SAMEA4058479	
SAMN08039714	
SAMN09405825	
SAMN06909179	
SAMEA1061949	
SAMEA4362986	
SAMN02628575	
SAMN09267229	
SAMN07677384	
SAMEA4058437	
SAMEA104407613	
SAMEA3340179	
SAMEA104407597	
SAMN05170820	
SAMEA3281518	
SAMN10039433	
SAMD00126604	
SAMEA4470292	
SAMN08963938	
SAMN09866828	
SAMEA3981817	
SAMEA3980825	
SAMEA3980999	
SAMEA4533603	
SAMEA3531667	
SAMEA3538910	
SAMEA3716654	
SAMN09866818	
SAMEA104077105	
SAMEA104039876	
SAMEA4427798	
SAMEA3108750	
SAMEA3108882	
SAMEA3108963	
SAMEA3876188	
SAMN05171051	
SAMEA3304587	
SAMEA3304754	
SAMN05977330	
SAMEA4362994	
SAMN07677208	
SAMN06958580	
SAMEA104040417	
SAMEA2205552	
SAMN04357664	
SAMEA4429588	
SAMN04357717	
SAMEA3876205	
SAMEA3876198	
SAMN02442792	
SAMN05439418	
SAMN02802132	
SAMN08783825	
SAMN08039684	
SAMEA1886388	
SAMN05718052	
SAMEA3980766	
SAMN02885361	
SAMEA3981954	
SAMEA3981868	
SAMEA3982264	
SAMEA104027450	
SAMN09979517	
SAMN09405844	
SAMEA4062104	
SAMD00092879	
SAMN02689046	
SAMEA2081600	
SAMN08039758	
SAMEA3980657	
SAMEA1061918	
SAMEA4533626	
SAMN09405864	
SAMN03892971	
SAMN05439520	
SAMN03197658	
SAMN06689630	
SAMEA4950254	
SAMN10396939	
SAMN08039890	
SAMN08039894	
SAMN08039902	
SAMEA3281478	
SAMEA3980590	
SAMEA26135668	
SAMN06645866	
SAMN10221422	
SAMN09545011	
SAMN08039756	
SAMN03922969	
SAMN05452802	
SAMEA104305638	
SAMN04287900	
SAMN04992133	
SAMN04293307	
SAMEA1324954	
SAMEA3304162	
SAMN06299316	
SAMN03295436	
SAMN03570445	
SAMN08039925	
SAMN08039691	
SAMN08039827	
SAMN08039706	
SAMN02628641	
SAMN07790192	
SAMEA3304185	
SAMN08235519	
SAMN04992126	
SAMN08039667	
SAMN07444280	
SAMN08380140	
SAMN10221275	
SAMN10221162	
SAMN08039711	
SAMN07677124	
SAMN02801945	
SAMEA3108698	
SAMEA104060871	
SAMN04388549	
SAMEA3339708	
SAMN06030746	
SAMN08783839	
SAMN08783840	
SAMN05981008	
SAMEA4061888	
SAMEA4061902	
SAMEA104060747	
SAMN07795435	
SAMEA2205451	
SAMN06560621	
SAMEA104188784	
SAMEA3982183	
SAMN03325986	
SAMEA4061997	
SAMEA4470096	
SAMEA3304745	
SAMEA104305641	
SAMEA4552138	
SAMN07461219	
SAMN06630283	
SAMEA2205534	
SAMEA4427846	
SAMEA4429449	
SAMN05439416	
SAMN06705318	
SAMEA104458072	
SAMN09405843	
SAMN08162469	
SAMN04992170	
SAMEA4363263	
SAMEA4363313	
SAMN05591543	
SAMEA4428378	
SAMD00053149	
SAMEA2205558	
SAMEA4062060	
SAMD00053153	
SAMEA3980580	
SAMEA4061536	
SAMEA3499921	
SAMEA4469938	
SAMN06928086	
SAMEA4062034	
SAMN01885780	
SAMN07677090	
SAMEA2081716	
SAMEA104060826	
SAMEA3920428	
SAMN09405834	
SAMN10093642	
SAMN07677096	
SAMN04393303	
SAMN06630293	
SAMEA103923494	
SAMEA104146643	
SAMN07510205	
SAMEA4362800	
SAMEA2273045	
SAMEA4363400	
SAMN02581390	
SAMEA4544726	
SAMEA4043173	
SAMN04357533	
SAMN07677112	
SAMN01885771	
SAMEA2205455	
SAMN03262783	
SAMEA2204501	
SAMEA2205157	
SAMEA2205336	
SAMN01885822	
SAMN03922915	
SAMEA2205202	
SAMEA78967918	
SAMEA3281464	
SAMEA3982294	
SAMN07776980	
SAMEA4470091	
SAMEA3981097	
SAMEA1904221	
SAMN10058868	
SAMEA1466710	
SAMN04429931	
SAMEA1570424	
SAMEA1570403	
SAMEA3529386	
SAMEA1904284	
SAMN02463301	
SAMN02802128	
SAMEA104402305	
SAMN08668635	
SAMEA4363038	
SAMD00029136	
SAMN07172022	
SAMEA104402319	
SAMEA3304083	
SAMN10221289	
SAMN10221390	
SAMN10221385	
SAMEA104039790	
SAMN07461227	
SAMN07177512	
SAMEA104040094	
SAMN10221605	
SAMEA3980918	
SAMEA3682488	
SAMN09579960	
SAMEA2204633	
SAMEA104305655	
SAMN10068543	
SAMEA4043225	
SAMN00974072	
SAMEA2205240	
SAMN08039535	
SAMEA3672986	
SAMEA1877439	
SAMN09866774	
SAMEA4043252	
SAMEA4470409	
SAMEA2204498	
SAMEA104452118	
SAMEA104060650	
SAMEA2204346	
SAMD00080516	
SAMEA104040126	
SAMEA3982332	
SAMN04159600	
SAMEA3375276	
SAMEA1486652	
SAMEA104060800	
SAMEA3375288	
SAMEA1695641	
SAMEA4470349	
SAMEA4552067	
SAMEA4043316	
SAMN04414758	
SAMN04414719	
SAMEA4429048	
SAMN07212739	
SAMEA3375290	
SAMN10093614	
SAMEA2205465	
SAMEA4547841	
SAMEA3276519	
SAMN08902743	
SAMN04414656	
SAMEA2205654	
SAMEA1486674	
SAMN04414761	
SAMEA3268827	
SAMN02442811	
SAMN04357658	
SAMEA2204593	
SAMN01922319	
SAMN10221499	
SAMN04414645	
SAMEA4058434	
SAMN04414667	
SAMN04414659	
SAMEA1486376	
SAMEA92077918	
SAMN04414716	
SAMEA3727538	
SAMEA104146896	
SAMEA2204441	
SAMEA1486588	
SAMEA1486633	
SAMEA2204999	
SAMN04273096	
SAMEA4043238	
SAMEA4363104	
SAMEA2204696	
SAMEA2205716	
SAMEA2272856	
SAMN02802146	
SAMEA104060609	
SAMEA104060597	
SAMN10039353	
SAMEA4362906	
SAMEA3375253	
SAMD00080528	
SAMD00044965	
SAMN10064170	
SAMEA104040109	
SAMEA4370396	
SAMEA4370424	
SAMN04279646	
SAMEA104146774	
SAMEA4061581	
SAMN06007768	
SAMEA104112347	
SAMEA4428158	
SAMEA104154174	
SAMEA3304663	
SAMEA4062048	
SAMEA3981926	
SAMEA3531695	
SAMN07662565	
SAMEA3716622	
SAMEA4548023	
SAMEA104040389	
SAMEA104040394	
SAMEA104452104	
SAMEA104112365	
SAMEA104154170	
SAMEA3716518	
SAMEA4429515	
SAMEA4428107	
SAMN09244784	
SAMD00044943	
SAMN08783858	
SAMEA4429030	
SAMN03197953	
SAMEA104040171	
SAMEA2204243	
SAMEA2204436	
SAMEA2273106	
SAMEA4533683	
SAMEA104452201	
SAMEA1486610	
SAMN05977360	
SAMN10093577	
SAMN05170213	
SAMN10039381	
SAMEA4427911	
SAMEA4429190	
SAMEA2273101	
SAMEA1486655	
SAMEA1570681	
SAMEA104060879	
SAMN04414699	
SAMN05170083	
SAMEA2204354	
SAMEA2205735	
SAMEA2273036	
SAMN04393273	
SAMEA2205366	
SAMN02581285	
SAMEA4429067	
SAMEA104292420	
SAMN04357677	
SAMEA4429735	
SAMN03280201	
SAMN03892127	
SAMEA104040062	
SAMEA3375238	
SAMEA2272942	
SAMN10039435	
SAMEA1486630	
SAMN10039323	
SAMD00029182	
SAMEA1905036	
SAMEA1570718	
SAMEA2205401	
SAMEA3108837	
SAMEA3108699	
SAMEA3108945	
SAMEA1486619	
SAMEA104458060	
SAMN02228540	
SAMN04159566	
SAMEA2205103	
SAMD00052632	
SAMEA4427882	
SAMEA2204622	
SAMEA104452206	
SAMEA104060463	
SAMEA104457991	
SAMEA4428411	
SAMEA4429471	
SAMEA3180425	
SAMEA4429021	
SAMEA4429538	
SAMEA2205639	
SAMEA2205284	
SAMN04159565	
SAMEA3716482	
SAMN06035347	
SAMEA4743775	
SAMEA4429225	
SAMEA104060705	
SAMEA3108896	
SAMEA3108967	
SAMEA3108741	
SAMEA3108852	
SAMEA2204592	
SAMEA3109014	
SAMEA3108946	
SAMEA3108955	
SAMN04414690	
SAMEA104283098	
SAMD00126585	
SAMEA4533697	
SAMN10039417	
SAMEA1570682	
SAMEA1570715	
SAMEA4429650	
SAMN05511165	
SAMEA2273018	
SAMN02801876	
SAMN02581300	
SAMN04357603	
SAMEA2204264	
SAMN10039365	
SAMN10039374	
SAMN09380341	
SAMN04414747	
SAMD00044980	
SAMEA104060563	
SAMD00080517	
SAMN04393281	
SAMN06030707	
SAMEA3716652	
SAMD00126397	
SAMN09866826	
SAMN08932751	
SAMN10093596	
SAMN04357507	
SAMN06645555	
SAMN04414765	
SAMN05360005	
SAMEA2204454	
SAMN05360031	
SAMN05360025	
SAMN04122807	
SAMN04414776	
SAMEA4559567	
SAMEA104452213	
SAMEA104076987	
SAMEA2204405	
SAMEA1570694	
SAMD00029220	
SAMEA4370241	
SAMEA4370231	
SAMN05178548	
SAMEA104060354	
SAMEA3180332	
SAMN09866743	
SAMEA2273080	
SAMEA4370224	
SAMEA4370223	
SAMEA4370226	
SAMN04273081	
SAMEA104060414	
SAMEA104060478	
SAMEA104060864	
SAMEA4427886	
SAMEA104060729	
SAMEA3981976	
SAMN04159619	
SAMEA3531676	
SAMEA3304656	
SAMD00052636	
SAMEA1877512	
SAMN03262763	
SAMD00029215	
SAMN06630264	
SAMEA104039959	
SAMEA4429029	
SAMN07450858	
SAMN04357683	
SAMN08513483	
SAMN04357649	
SAMEA104040361	
SAMN04159585	
SAMN04159589	
SAMN10058958	
SAMEA2204615	
SAMN05171846	
SAMN10058918	
SAMN10058906	
SAMN07510227	
SAMEA92120668	
SAMN10059049	
SAMN06680401	
SAMEA4429479	
SAMN10059028	
SAMEA104077012	
SAMEA4470010	
SAMEA4062113	
SAMEA4552124	
SAMEA4061540	
SAMEA4429587	
SAMN04414703	
SAMEA4363087	
SAMEA4363090	
SAMEA4363089	
SAMEA104039927	
SAMEA92110168	
SAMEA2273061	
SAMEA104060741	
SAMEA4429201	
SAMEA2273053	
SAMEA1904272	
SAMN08039507	
SAMN05439444	
SAMN09665168	
SAMN08039662	
SAMN01885964	
SAMN04388557	
SAMD00053177	
SAMN09405743	
SAMEA4043261	
SAMEA104060432	
SAMEA4559497	
SAMN01922318	
SAMN08397428	
SAMEA2205580	
SAMEA1486293	
SAMEA104040230	
SAMEA2204924	
SAMN06015288	
SAMEA2205698	
SAMN01885760	
SAMEA104040210	
SAMN05163718	
SAMN08668636	
SAMEA104027562	
SAMN08226263	
SAMN09395275	
SAMN10221538	
SAMN10129929	
SAMN08039577	
SAMN08039576	
SAMEA104314589	
SAMN08039644	
SAMEA104305644	
SAMN08039618	
SAMN08039454	
SAMN08146311	
SAMN08146314	
SAMN05439309	
SAMN08039530	
SAMN08039477	
SAMEA1486302	
SAMN08930799	
SAMN05163687	
SAMN04422345	
SAMEA1527953	
SAMN06030751	
SAMN08039595	
SAMN09444016	
SAMN09294987	
SAMEA4852556	
SAMEA4852520	
SAMEA104402247	
SAMEA1486296	
SAMEA1904231	
SAMEA4852541	
SAMN09910546	
SAMN04422329	
SAMEA4852525	
SAMN04422328	
SAMEA1570463	
SAMN08095941	
SAMEA4852521	
SAMEA4852508	
SAMN04505637	
SAMEA4852545	
SAMEA4852558	
SAMN03359630	
SAMEA1903598	
SAMN08039457	
SAMN10058985	
SAMEA2204718	
SAMEA4428453	
SAMEA1324956	
SAMEA4062337	
SAMN09244755	
SAMN08902735	
SAMN01885772	
SAMEA4362750	
SAMEA104147066	
SAMEA2204942	
SAMEA2204938	
SAMEA104402310	
SAMN01942144	
SAMEA1905064	
SAMN09914241	
SAMEA3304053	
SAMN05980872	
SAMEA2204505	
SAMEA104027591	
SAMEA47353168	
SAMN09633759	
SAMEA2205106	
SAMEA104292812	
SAMEA104039828	
SAMN09914326	
SAMN09914331	
SAMEA4552050	
SAMEA4470333	
SAMEA3981723	
SAMN09914302	
SAMN09914353	
SAMN09914267	
SAMN09914263	
SAMEA4916036	
SAMN06015644	
SAMEA4552171	
SAMEA3981794	
SAMEA3500046	
SAMN09914337	
SAMEA104188780	
SAMN09866801	
SAMEA4533667	
SAMEA104458008	
SAMN09866796	
SAMN09914325	
SAMEA4552103	
SAMEA3981527	
SAMEA3981547	
SAMEA3180373	
SAMEA4428270	
SAMEA4363627	
SAMEA4363048	
SAMEA4370281	
SAMEA3716478	
SAMEA4061529	
SAMN09914260	
SAMN09914287	
SAMN09914301	
SAMEA4429671	
SAMEA104040103	
SAMN09867002	
SAMEA3981669	
SAMEA3982080	
SAMEA4062025	
SAMEA4469889	
SAMEA4470111	
SAMN02680190	
SAMEA4061299	
SAMEA3980976	
SAMEA4061310	
SAMEA3217966	
SAMEA3322114	
SAMN09294984	
SAMN04383827	
SAMN09298316	
SAMN10336670	
SAMEA2205717	
SAMEA3108756	
SAMEA2205700	
SAMN09405766	
SAMN05735289	
SAMN06029317	
SAMN01885833	
SAMN09637213	
SAMEA101005918	
SAMEA91033918	
SAMEA3281461	
SAMN04993064	
SAMN10221057	
SAMEA4547838	
SAMN07189555	
SAMEA104039848	
SAMN01885728	
SAMEA2204691	
SAMEA104039850	
SAMN09405652	
SAMEA2204597	
SAMEA104146661	
SAMEA4547825	
SAMEA4848529	
SAMEA104060775	
SAMEA2204378	
SAMEA2204895	
SAMEA2205509	
SAMN10102630	
SAMD00076230	
SAMEA104027667	
SAMD00029132	
SAMEA2205195	
SAMN10102643	
SAMN07172350	
SAMN02368216	
SAMN00974044	
SAMEA1324920	
SAMEA104146910	
SAMEA104146909	
SAMN05357743	
SAMN05452812	
SAMEA2204982	
SAMN06893724	
SAMN01922314	
SAMEA4469985	
SAMN04393255	
SAMN07677481	
SAMEA2205525	
SAMEA4363275	
SAMN06039859	
SAMEA2204516	
SAMEA2205350	
SAMN06006083	
SAMEA104040347	
SAMEA4363615	
SAMN06893715	
SAMN01885677	
SAMEA2204421	
SAMEA4470149	
SAMEA4470313	
SAMEA2204598	
SAMEA104040193	
SAMEA4061671	
SAMN02802030	
SAMEA2205230	
SAMEA4470238	
SAMEA2392725	
SAMN09580041	
SAMEA3697221	
SAMEA2204379	
SAMN07431134	
SAMEA3355590	
SAMN07839396	
SAMN06029450	
SAMEA4062006	
SAMEA4061625	
SAMN10093638	
SAMN02801932	
SAMN09405729	
SAMN02801941	
SAMN09405806	
SAMN06893738	
SAMN09405738	
SAMN02801875	
SAMD00126560	
SAMD00013339	
SAMN00854664	
SAMN07677128	
SAMEA2205086	
SAMEA104292414	
SAMEA3310328	
SAMEA2205206	
SAMN06893752	
SAMN09222070	
SAMD00053117	
SAMN06893723	
SAMN06893764	
SAMN05591533	
SAMN09623579	
SAMN06164096	
SAMN09665209	
SAMEA104040370	
SAMEA3673081	
SAMEA2204613	
SAMEA3649895	
SAMN09954443	
SAMN08978132	
SAMD00126480	
SAMN08299157	
SAMN10132568	
SAMN03262772	
SAMEA104147027	
SAMEA104147034	
SAMEA104147023	
SAMEA4043262	
SAMEA4429670	
SAMEA2204936	
SAMN06109024	
SAMN08902778	
SAMN08039539	
SAMN05452807	
SAMN08039611	
SAMN08039646	
SAMN03262758	
SAMEA104147033	
SAMEA104147039	
SAMEA104039809	
SAMEA3682649	
SAMN01885675	
SAMN04606432	
SAMN10385321	
SAMN10385329	
SAMEA2204743	
SAMN08039566	
SAMEA4363360	
SAMEA4363395	
SAMN00854605	
SAMN09405781	
SAMEA2392735	
SAMN04364066	
SAMN09683749	
SAMN09725144	
SAMN07189534	
SAMEA4470053	
SAMEA4062582	
SAMN09851894	
SAMEA1324883	
SAMEA2241286	
SAMEA2163661	
SAMEA4363254	
SAMEA2204950	
SAMEA2204808	
SAMN00854643	
SAMEA2205371	
SAMN08044828	
SAMD00013357	
SAMEA2204425	
SAMN07839399	
SAMEA2204906	
SAMN09784514	
SAMN02801999	
SAMEA4533550	
SAMEA2205322	
SAMEA104402323	
SAMEA2204438	
SAMN01922312	
SAMN02802079	
SAMEA3981662	
SAMEA4470311	
SAMEA3673073	
SAMN07677180	
SAMN09405812	
SAMN09405665	
SAMEA2204511	
SAMN00854644	
SAMN05567345	
SAMN09405667	
SAMEA104040339	
SAMN09405692	
SAMN05180576	
SAMEA4752218	
SAMN05180559	
SAMN05180565	
SAMN05180573	
SAMN05180569	
SAMN05180580	
SAMEA104147138	
SAMEA104147141	
SAMN04357571	
SAMEA2204911	
SAMEA4363242	
SAMEA2204307	
SAMN09458246	
SAMN05163733	
SAMEA2204375	
SAMEA2204758	
SAMEA3872780	
SAMEA2205706	
SAMEA2205538	
SAMEA4469885	
SAMEA2205760	
SAMEA104040334	
SAMN07189562	
SAMEA2205577	
SAMEA4533586	
SAMEA104027695	
SAMEA4533587	
SAMN07677144	
SAMEA2205072	
SAMEA2204413	
SAMN06018852	
SAMEA3727580	
SAMEA104147104	
SAMN06015669	
SAMEA2204301	
SAMEA104039856	
SAMEA2205420	
SAMN01885718	
SAMEA104040400	
SAMEA104040083	
SAMN02368883	
SAMEA4682684	
SAMN07682699	
SAMEA4559530	
SAMN05511168	
SAMEA4559671	
SAMEA3935277	
SAMN05170127	
SAMEA104060574	
SAMEA104142995	
SAMEA4559592	
SAMEA3981966	
SAMN05409600	
SAMEA3981353	
SAMN04160768	
SAMEA4552052	
SAMN04293290	
SAMN05440394	
SAMN04555572	
SAMN03177684	
SAMN08025056	
SAMN05853050	
SAMN00829403	
SAMN00829227	
SAMN04992561	
SAMEA4061547	
SAMEA104205942	
SAMEA104205992	
SAMEA104205921	
SAMEA4827171	
SAMEA104146631	
SAMEA4363497	
SAMEA4363423	
SAMEA4560195	
SAMN00829274	
SAMN06630181	
SAMN10221304	
SAMEA3304036	
SAMN05735408	
SAMN05603758	
SAMEA3281439	
SAMN07677257	
SAMN10269666	
SAMEA4470052	
SAMN07137460	
SAMEA1061963	
SAMEA4428040	
SAMN02442797	
SAMN10221243	
SAMEA1317734	
SAMN00974067	
SAMEA104147083	
SAMN08930682	
SAMN02442835	
SAMN06630250	
SAMN04992331	
SAMEA104292531	
SAMN06689626	
SAMN07677299	
SAMEA4061482	
SAMEA104027464	
SAMN04158341	
SAMEA4429686	
SAMN10221233	
SAMN03197464	
SAMEA4374180	
SAMN05965589	
SAMEA3529372	
SAMEA3727674	
SAMN02801848	
SAMN02680175	
SAMN08368001	
SAMN09866845	
SAMEA3472157	
SAMEA2204299	
SAMEA104027628	
SAMEA104407593	
SAMN07677517	
SAMN05596195	
SAMN07839425	
SAMN04158354	
SAMN09637275	
SAMEA104027617	
SAMN09637341	
SAMN09637273	
SAMEA3980768	
SAMEA4560431	
SAMN02368919	
SAMN08519229	
SAMEA4464642	
SAMN09637293	
SAMN04992341	
SAMN09405427	
SAMEA3531856	
SAMN02872785	
SAMN02872757	
SAMEA104138410	
SAMN07450637	
SAMN04992578	
SAMEA1031329	
SAMEA4560250	
SAMN04396002	
SAMN06006415	
SAMN05655901	
SAMEA4362989	
SAMEA3304108	
SAMD00013351	
SAMN09580029	
SAMN05981796	
SAMEA104146865	
SAMEA4560224	
SAMN05966642	
SAMEA4560272	
SAMN02463310	
SAMN08347852	
SAMEA1317745	
SAMN06048995	
SAMEA4062028	
SAMN05806162	
SAMN05440380	
SAMN03570477	
SAMN05596105	
SAMEA3981603	
SAMN02368839	
SAMEA104146736	
SAMEA2204296	
SAMEA4062581	
SAMN09866982	
SAMEA3980848	
SAMEA3980860	
SAMN04881305	
SAMN07955784	
SAMEA26123668	
SAMN04357546	
SAMN10221629	
SAMEA104107456	
SAMN08719153	
SAMEA3531793	
SAMEA104060444	
SAMEA3981919	
SAMEA104146685	
SAMEA104146683	
SAMN03325997	
SAMEA4062558	
SAMN09375131	
SAMN09375139	
SAMN09375136	
SAMN05172625	
SAMEA3614131	
SAMN07762036	
SAMN07762071	
SAMN07762058	
SAMN07581348	
SAMN07762775	
SAMN07762780	
SAMN07762521	
SAMN07762598	
SAMN07762604	
SAMN07762556	
SAMN07762578	
SAMN07762814	
SAMN07762811	
SAMN07762159	
SAMN07763286	
SAMN07762181	
SAMN07763274	
SAMN07762913	
SAMN07762985	
SAMN07762990	
SAMN07762980	
SAMN04562597	
SAMN07761858	
SAMN07762335	
SAMN07762474	
SAMN07762480	
SAMN07762493	
SAMN07762494	
SAMN07762488	
SAMN07763069	
SAMN07763061	
SAMN07763094	
SAMN07763030	
SAMN07763042	
SAMN07763044	
SAMN07763048	
SAMN07762123	
SAMN07761835	
SAMN00005120	
SAMN00005119	
SAMN04562567	
SAMN06163043	
SAMN07761980	
SAMN07761927	
SAMN07762316	
SAMN07762313	
SAMN06244800	
SAMN06244761	
SAMN07763202	
SAMN07763185	
SAMN07763188	
SAMN07763126	
SAMN00205573	
SAMN07763039	
SAMN07762303	
SAMN07763117	
SAMN07763111	
SAMN07763125	
SAMN07763135	
SAMN07763149	
SAMN07763134	
SAMN07763136	
SAMN07762274	
SAMN07762229	
SAMN07762223	
SAMN07762227	
SAMN07762266	
SAMN07762262	
SAMN07762664	
SAMN07762669	
SAMN07762699	
SAMN07762704	
SAMN07762716	
SAMN07762751	
SAMN07762745	
SAMN06858666	
SAMN06858692	
SAMN07762538	
SAMN07762612	
SAMN04096073	
SAMN07763150	
SAMN07762532	
SAMN07762625	
SAMN07790502	
SAMN03080572	
SAMN03080581	
SAMN07762635	
SAMN07762501	
SAMN07762627	
SAMN07761993	
SAMN07762890	
SAMN04096214	
SAMN07762634	
SAMN07762631	
SAMN07762629	
SAMN07762306	
SAMN07761825	
SAMN04096108	
SAMN04096119	
SAMN04096075	
SAMN04096132	
SAMN07761906	
SAMN04096195	
SAMN07762382	
SAMN07763258	
SAMN07762104	
SAMN07762185	
SAMN07762105	
SAMN06244826	
SAMN06244779	
SAMN07763004	
SAMN06244817	
SAMN06244776	
SAMN07955775	
SAMN08289315	
SAMEA4061904	
SAMN04992467	
SAMEA4061953	
SAMEA3981223	
SAMEA3697203	
SAMN06048972	
SAMN09254078	
SAMEA1317911	
SAMN10368169	
SAMN04116069	
SAMEA1531043	
SAMN05163690	
SAMEA3981292	
SAMEA4061936	
SAMN05789712	
SAMEA26855668	
SAMEA26815168	
SAMN05464481	
SAMEA3484447	
SAMEA4429056	
SAMEA104188682	
SAMEA3982211	
SAMN06645667	
SAMN00623083	
SAMN06143063	
SAMN06826850	
SAMN06143070	
SAMN07682690	
SAMEA3981293	
SAMN03945213	
SAMN06029454	
SAMN09405613	
SAMEA104437471	
SAMN10261146	
SAMEA104399220	
SAMN07665810	
SAMEA4062176	
SAMEA3982217	
SAMEA3531769	
SAMN05966278	
SAMN02687518	
SAMN09633727	
SAMN07450614	
SAMN05591701	
SAMN06677689	
SAMEA3753386	
SAMEA3981286	
SAMEA3981736	
SAMN07450610	
SAMEA1061948	
SAMEA3981233	
SAMN07340853	
SAMEA3981568	
SAMEA3918339	
SAMEA3981358	
SAMEA3484440	
SAMEA4061450	
SAMEA3981014	
SAMN08611205	
SAMEA1061928	
SAMN05452914	
SAMEA3981635	
SAMEA4061718	
SAMEA4061706	
SAMEA3980701	
SAMEA104140522	
SAMEA1317883	
SAMN07450626	
SAMN09462584	
SAMN07807537	
SAMN09444034	
SAMN04993012	
SAMN03177658	
SAMN05414622	
SAMN10222537	
SAMEA4062395	
SAMEA3753397	
SAMN07203026	
SAMEA4061215	
SAMEA4061774	
SAMEA4061550	
SAMEA3981769	
SAMEA4062091	
SAMEA3981587	
SAMEA104205981	
SAMN05596170	
SAMEA3472078	
SAMN10353999	
SAMEA4427965	
SAMEA3982144	
SAMEA3980866	
SAMEA3982188	
SAMEA4062236	
SAMEA4062534	
SAMEA3981474	
SAMN04992433	
SAMN02368889	
SAMN08902748	
SAMEA1886660	
SAMN03455932	
SAMEA3304578	
SAMEA2080177	
SAMEA3321993	
SAMN05464523	
SAMN02687505	
SAMN10222555	
SAMN06645712	
SAMN04396010	
SAMN10221523	
SAMEA4061859	
SAMN03326022	
SAMN03326012	
SAMEA104412501	
SAMN03570478	
SAMEA104208642	
SAMN02949643	
SAMN03358803	
SAMN08963873	
SAMN05414621	
SAMEA3981173	
SAMEA3981183	
SAMEA104128361	
SAMEA4682649	
SAMEA3304627	
SAMEA3357490	
SAMN05004346	
SAMN05171911	
SAMEA1903767	
SAMEA1903776	
SAMEA1317768	
SAMN06480071	
SAMN06048982	
SAMEA4062293	
SAMEA3304771	
SAMN00829524	
SAMN10221102	
SAMN09405602	
SAMN10142229	
SAMN07677416	
SAMEA3981438	
SAMEA3981299	
SAMEA3981167	
SAMEA3982074	
SAMEA1886392	
SAMEA3529325	
SAMN08978095	
SAMEA104437747	
SAMEA3357415	
SAMN06048975	
SAMEA4061990	
SAMEA3697186	
SAMN05171011	
SAMEA3982230	
SAMEA1062034	
SAMEA4363518	
SAMEA3980818	
SAMEA4560280	
SAMN04992486	
SAMEA4560434	
SAMEA1031242	
SAMN07702221	
SAMN07702223	
SAMN09925321	
SAMN07702528	
SAMN07702533	
SAMEA1069016	
SAMN07702523	
SAMEA4560070	
SAMN00829296	
SAMN06684363	
SAMN09473930	
SAMEA104060639	
SAMEA3529299	
SAMEA3281489	
SAMEA4560102	
SAMN09267082	
SAMN05591661	
SAMN05372105	
SAMN09691741	
SAMN07722650	
SAMEA4363519	
SAMEA4062535	
SAMEA104458115	
SAMEA2298762	
SAMN07677500	
SAMN05452885	
SAMN01885696	
SAMEA4727987	
SAMN08039344	
SAMEA104457970	
SAMEA4370250	
SAMN08355130	
SAMEA3981198	
SAMEA4429605	
SAMEA3485110	
SAMEA4362948	
SAMEA3268845	
SAMEA4058417	
SAMEA3993577	
SAMEA3108653	
SAMEA3108727	
SAMEA3108707	
SAMN08963767	
SAMEA3529392	
SAMEA1888928	
SAMEA4363109	
SAMN05439319	
SAMEA2204792	
SAMN09238727	
SAMEA4916092	
SAMN05570634	
SAMEA1317896	
SAMEA3322076	
SAMN02687471	
SAMN02680248	
SAMN05977353	
SAMN04293372	
SAMN09779917	
SAMN10221296	
SAMN02463223	
SAMN04992134	
SAMEA104437682	
SAMN10075578	
SAMEA2080163	
SAMN04357567	
SAMEA4682703	
SAMEA3716501	
SAMEA2204821	
SAMN03358744	
SAMEA3304799	
SAMEA104039840	
SAMEA104060785	
SAMEA3719146	
SAMEA2205475	
SAMN04357708	
SAMN08932744	
SAMEA3981918	
SAMN07291530	
SAMN07312477	
SAMEA3716637	
SAMEA4744036	
SAMEA3531727	
SAMEA4744043	
SAMEA4559659	
SAMEA1062078	
SAMEA4744004	
SAMEA4744018	
SAMEA3982259	
SAMEA2382512	
SAMEA4727969	
SAMEA104077428	
SAMEA4547867	
SAMEA3281504	
SAMN08182235	
SAMEA3531707	
SAMEA4428044	
SAMEA104142828	
SAMEA5048175	
SAMN06909172	
SAMEA4429132	
SAMEA4429720	
SAMN07807525	
SAMEA3981255	
SAMN09372349	
SAMN08383863	
SAMN04420127	
SAMN05607391	
SAMN04357526	
SAMN05567338	
SAMN05567337	
SAMEA104128279	
SAMEA104055083	
SAMEA3982209	
SAMEA3982204	
SAMN07747740	
SAMEA1486314	
SAMN06760370	
SAMN10138908	
SAMN08719144	
SAMEA1466642	
SAMEA1570400	
SAMN03860034	
SAMEA4560369	
SAMEA4560241	
SAMN10118235	
SAMN08668640	
SAMN05414493	
SAMN05916655	
SAMEA4351116	
SAMEA1530993	
SAMN09917915	
SAMN04422338	
SAMEA1570418	
SAMN05464561	
SAMN09375830	
SAMEA2376950	
SAMN09444256	
SAMN00199318	
SAMN10220981	
SAMN05440442	
SAMN10221322	
SAMN05991334	
SAMN10170539	
SAMN08039122	
SAMN07976492	
SAMN06015125	
SAMN10279431	
SAMN09268834	
SAMN05163726	
SAMN02680258	
SAMN05163693	
SAMN05596177	
SAMN04279527	
SAMN03939237	
SAMN09872981	
SAMN07795427	
SAMEA4062419	
SAMEA4062422	
SAMN09371751	
SAMN05170787	
SAMN10391806	
SAMN07807503	
SAMN09725170	
SAMN05326696	
SAMN07210945	
SAMN02147037	
SAMN05980226	
SAMN06560614	
SAMN06040333	
SAMN04893424	
SAMN03359620	
SAMN09396196	
SAMN07169115	
SAMN06563296	
SAMN09934151	
SAMN08007485	
SAMN05582141	
SAMN05171809	
SAMN09244076	
SAMN03792980	
SAMN06711362	
SAMN06029425	
SAMN06030818	
SAMN05170785	
SAMN09371812	
SAMN09395205	
SAMN05965803	
SAMN09244177	
SAMN09387711	
SAMN09387436	
SAMN09372439	
SAMN09387387	
SAMN05163767	
SAMN09489959	
SAMN06030880	
SAMN09405628	
SAMN07444438	
SAMN04015045	
SAMN03838108	
SAMN08039187	
SAMD00053102	
SAMN04992503	
SAMN07677229	
SAMN08039153	
SAMEA4043308	
SAMEA3980870	
SAMN05511156	
SAMEA4552151	
SAMN05734279	
SAMEA104292484	
SAMN07419006	
SAMN05980247	
SAMN09870193	
SAMN09462845	
SAMN06131908	
SAMN09385756	
SAMN05980463	
SAMN03358615	
SAMN05170590	
SAMN09284001	
SAMN09290324	
SAMN08591172	
SAMN09342835	
SAMN09385844	
SAMEA2376959	
SAMN04005869	
SAMN05414574	
SAMN10349060	
SAMEA1531035	
SAMN09474239	
SAMEA104206018	
SAMN08368732	
SAMN07729791	
SAMEA3918641	
SAMN02442770	
SAMN10221614	
SAMN10221557	
SAMN09405637	
SAMEA104402320	
SAMEA3597822	
SAMEA3597785	
SAMN09405626	
SAMN05326694	
SAMN08146187	
SAMN08978071	
SAMN08039352	
SAMEA3981287	
SAMEA104147121	
SAMN05981707	
SAMEA104040341	
SAMN09710701	
SAMEA4428449	
SAMEA4362857	
SAMEA104027719	
SAMEA3982370	
SAMN04893466	
SAMEA2382503	
SAMD00062405	
SAMEA2382498	
SAMD00062396	
SAMN06040186	
SAMN05263631	
SAMN09622901	
SAMN07597658	
SAMEA104437730	
SAMN08581895	
SAMN08631252	
SAMN09914045	
SAMN10221665	
SAMEA3649579	
SAMEA104399238	
SAMN07549822	
SAMN10221222	
SAMD00053095	
SAMN10220966	
SAMN07839435	
SAMEA3531756	
SAMEA4061659	
SAMEA3981849	
SAMN08978103	
SAMEA4950256	
SAMN08039231	
SAMN05440360	
SAMN07562265	
SAMN09914040	
SAMN04992399	
SAMN08347869	
SAMN04395995	
SAMN06645880	
SAMN07709898	
SAMN07549823	
SAMEA3304773	
SAMN05226141	
SAMN09979501	
SAMN05464563	
SAMN05439496	
SAMN05414508	
SAMN04279372	
SAMN05414511	
SAMN08994026	
SAMN09753011	
SAMN08039328	
SAMEA104128278	
SAMEA3485105	
SAMEA3753398	
SAMN10221362	
SAMN06645772	
SAMEA104437696	
SAMN08039307	
SAMN08039300	
SAMN08039298	
SAMEA104060736	
SAMEA4429464	
SAMN09233727	
SAMN10238125	
SAMEA103923483	
SAMN04429918	
SAMN04422324	
SAMEA3108631	
SAMN09980184	
SAMN05452904	
SAMN09197684	
SAMN07716603	
SAMN06555279	
SAMN04992572	
SAMN04993167	
SAMN05607383	
SAMN02991262	
SAMN09281059	
SAMN06464731	
SAMN08994068	
SAMN05757123	
SAMN09990708	
SAMN07298635	
SAMN04125190	
SAMN06767283	
SAMN04088932	
SAMN07504983	
SAMN06645626	
SAMN10065285	
SAMN05826213	
SAMN05980429	
SAMN09385698	
SAMN09388519	
SAMN07629567	
SAMN06035356	
SAMN05170679	
SAMN10281912	
SAMN10068415	
SAMN06017350	
SAMEA1324962	
SAMN04480475	
SAMEA3751073	
SAMN08923885	
SAMN08039389	
SAMN08235500	
SAMN04867236	
SAMEA2204967	
SAMEA26906668	
SAMN04913892	
SAMEA1530989	
SAMN02463226	
SAMN08052648	
SAMN07677312	
SAMEA104040001	
SAMEA4062256	
SAMD00126483	
SAMEA4652182	
SAMN04992320	
SAMN07809561	
SAMN07809600	
SAMN08134153	
SAMN08039104	
SAMEA1486368	
SAMN10221084	
SAMN02949649	
SAMN05414599	
SAMN08039132	
SAMN05734311	
SAMN02368874	
SAMN02368895	
SAMN09195617	
SAMN07955779	
SAMN10221613	
SAMEA4560335	
SAMEA1031268	
SAMEA1031293	
SAMEA3716640	
SAMEA4370394	
SAMEA4363338	
SAMEA4363336	
SAMD00127156	
SAMN00829426	
SAMEA3920431	
SAMN07839395	
SAMN07444449	
SAMN04279102	
SAMN08144280	
SAMN08379478	
SAMEA3980680	
SAMEA4363171	
SAMEA4363167	
SAMN05596715	
SAMN05596743	
SAMN06826852	
SAMN09989492	
SAMN00829357	
SAMN03326059	
SAMEA3484435	
SAMEA3982234	
SAMEA4061937	
SAMN06630093	
SAMEA3935257	
SAMEA4061814	
SAMEA1031237	
SAMN00829229	
SAMN00829278	
SAMN08624236	
SAMN05402762	
SAMN07747749	
SAMN10132630	
SAMEA3472085	
SAMN04158434	
SAMN04993211	
SAMN08611187	
SAMN05440436	
SAMEA104128331	
SAMEA104128311	
SAMEA104128355	
SAMEA104128357	
SAMN06555261	
SAMN04357620	
SAMN07212787	
SAMN10221510	
SAMN08051584	
SAMN06677682	
SAMEA4061658	
SAMEA4061552	
SAMEA3981243	
SAMEA3982061	
SAMEA1888938	
SAMN07291232	
SAMEA3981141	
SAMN02463236	
SAMEA4061483	
SAMN03177685	
SAMN10349035	
SAMN10227655	
SAMN10221361	
SAMEA4429080	
SAMN02628574	
SAMEA4429194	
SAMN02463247	
SAMN07515432	
SAMN06645822	
SAMN05596562	
SAMN02581280	
SAMEA104399280	
SAMN09013517	
SAMN02352931	
SAMEA4428524	
SAMEA104314566	
SAMN02628604	
SAMEA4363209	
SAMEA2205262	
SAMEA104458067	
SAMN00829273	
SAMN06848532	
SAMN07450765	
SAMEA51850168	
SAMN06677715	
SAMN06677714	
SAMEA3981491	
SAMN05770859	
SAMEA4362835	
SAMEA4362828	
SAMEA4061494	
SAMN04447480	
SAMN02949654	
SAMEA104458068	
SAMN05440255	
SAMEA4061906	
SAMEA2203461	
SAMN05596723	
SAMEA104027606	
SAMN10261138	
SAMEA3980588	
SAMEA3981913	
SAMEA3981302	
SAMN05757743	
SAMEA3597811	
SAMN09866782	
SAMEA104393987	
SAMEA4427955	
SAMEA4429120	
SAMN07677418	
SAMEA1324868	
SAMN10058834	
SAMN10221023	
SAMN10367102	
SAMN07615582	
SAMEA1904291	
SAMN05440331	
SAMN08767332	
SAMN09405632	
SAMEA4362925	
SAMEA4362924	
SAMN06909173	
SAMEA4535132	
SAMD00062426	
SAMN08442000	
SAMN05607353	
SAMN03576558	
SAMN09979496	
SAMEA104399289	
SAMN05596395	
SAMN06645731	
SAMN04992270	
SAMN05440409	
SAMEA3472140	
SAMEA3268831	
SAMN06048956	
SAMN09784428	
SAMN04881312	
SAMN04293358	
SAMN05410085	
SAMN08611154	
SAMN07169129	
SAMN05596217	
SAMN06760080	
SAMN08332713	
SAMN08441996	
SAMN07740992	
SAMN08640416	
SAMN07989010	
SAMN08441939	
SAMN07989014	
SAMN07709905	
SAMN08039077	
SAMN08039290	
SAMN08039279	
SAMEA3697177	
SAMN06015110	
SAMN05439434	
SAMEA3752553	
SAMN06645765	
SAMN06220082	
SAMEA104128295	
SAMN08039123	
SAMN08347872	
SAMN04254593	
SAMN10221039	
SAMN08347848	
SAMN06855519	
SAMN10221089	
SAMN07562254	
SAMN05414530	
SAMN05452866	
SAMEA4697867	
SAMN09372462	
SAMN03569441	
SAMN09444169	
SAMN09222112	
SAMN07312445	
SAMN00727763	
SAMN01141739	
SAMN00715315	
SAMN08863903	
SAMN10221409	
SAMN05722920	
SAMEA104151950	
SAMEA104151944	
SAMEA104153893	
SAMEA104136608	
SAMN09098784	
SAMN09444061	
SAMN02368831	
SAMEA3472032	
SAMN02628638	
SAMN04125197	
SAMN04293402	
SAMN03262740	
SAMN02628597	
SAMEA2204708	
SAMEA104040368	
SAMN09254086	
SAMN07717142	
SAMN06677704	
SAMEA3529339	
SAMEA3268839	
SAMEA3597825	
SAMEA104289989	
SAMN04396028	
SAMEA3980969	
SAMEA104147175	
SAMEA104147172	
SAMEA104147168	
SAMN05374546	
SAMEA104407574	
SAMN08367970	
SAMEA104107470	
SAMEA104412483	
SAMEA104188684	
SAMEA4061868	
SAMEA4427802	
SAMN00829514	
SAMD00127165	
SAMEA3268829	
SAMEA104027488	
SAMN10221104	
SAMN04293345	
SAMN02368194	
SAMN09828446	
SAMN08963777	
SAMEA4464656	
SAMN05718051	
SAMN05607404	
SAMN07747760	
SAMN04321309	
SAMN05414480	
SAMD00027186	
SAMN08134306	
SAMN04993187	
SAMN04558444	
SAMN08134301	
SAMN05414542	
SAMN06173463	
SAMN07488849	
SAMN05829272	
SAMN03265466	
SAMEA4363121	
SAMEA4363143	
SAMN10237209	
SAMN08039165	
SAMN03358850	
SAMN10354016	
SAMN10293234	
SAMN08039428	
SAMN07747806	
SAMN04992282	
SAMEA4363482	
SAMEA4363481	
SAMN02628588	
SAMEA1970086	
SAMN08162492	
SAMN02442852	
SAMN08963764	
SAMN04487822	
SAMN05977354	
SAMEA4058494	
SAMEA4429575	
SAMEA3721267	
SAMEA2205471	
SAMEA3472058	
SAMN08519281	
SAMEA4428127	
SAMN05468016	
SAMD00029118	
SAMN04396054	
SAMN04357594	
SAMN06197017	
SAMN10118355	
SAMN09405622	
SAMEA3981348	
SAMEA1531011	
SAMEA1061970	
SAMEA1061896	
SAMN00829417	
SAMEA4464655	
SAMN05390831	
SAMN02628626	
SAMN04293349	
SAMEA4061721	
SAMEA3304152	
SAMEA2385658	
SAMN02680164	
SAMEA3982105	
SAMN07677402	
SAMN06093484	
SAMEA4062012	
SAMEA4061301	
SAMEA104407598	
SAMN06645770	
SAMEA4061593	
SAMEA4062554	
SAMN03570377	
SAMN10235300	
SAMN00854674	
SAMEA1486369	
SAMEA1904273	
SAMN04422340	
SAMEA3472097	
SAMEA2223847	
SAMN03941205	
SAMEA1531062	
SAMN04420186	
SAMN09849968	
SAMEA104437425	
SAMN05326708	
SAMN09828466	
SAMN04992223	
SAMN06018866	
SAMN05762643	
SAMN09990640	
SAMN05980520	
SAMN06756510	
SAMN09635670	
SAMN06217903	
SAMN07949762	
SAMN07949769	
SAMN06806028	
SAMN07750443	
SAMN07624164	
SAMN05824283	
SAMN05511905	
SAMN03381202	
SAMN04120329	
SAMN07440364	
SAMN05364497	
SAMN03247768	
SAMN04893372	
SAMN06163841	
SAMN03354232	
SAMN04536596	
SAMN04254583	
SAMN04145977	
SAMN08743495	
SAMN10112200	
SAMN06220086	
SAMN07822231	
SAMN07625513	
SAMN06230006	
SAMN03922861	
SAMN04544762	
SAMN05263491	
SAMN08868586	
SAMN09878883	
SAMN06064889	
SAMN09221032	
SAMN05374526	
SAMN03579614	
SAMN06688645	
SAMN04240352	
SAMN03897542	
SAMN09474715	
SAMEA1486405	
SAMN05713595	
SAMN07837661	
SAMN09372359	
SAMEA3627633	
SAMN09255835	
SAMN10146756	
SAMN09466996	
SAMN05660101	
SAMN10065459	
SAMN03945211	
SAMN09910507	
SAMN07763349	
SAMN03963296	
SAMN09012093	
SAMN07510130	
SAMN03700996	
SAMN04148306	
SAMN09112653	
SAMN10353495	
SAMN03892969	
SAMN09691788	
SAMN06927769	
SAMN07141871	
SAMN05788750	
SAMN05449217	
SAMN04870156	
SAMN07586322	
SAMN07770288	
SAMN03255937	
SAMN07247029	
SAMN07958234	
SAMN06276504	
SAMN07374674	
SAMN04335022	
SAMN09489726	
SAMN09779980	
SAMN04382879	
SAMN07615490	
SAMN07607893	
SAMN09281094	
SAMN04116075	
SAMN03897365	
SAMN08205030	
SAMN09980147	
SAMN06220106	
SAMN06379709	
SAMN08595226	
SAMN05804973	
SAMN07731443	
SAMN08146323	
SAMN04146013	
SAMN04893375	
SAMN07949755	
SAMN07361782	
SAMN10349220	
SAMN08044481	
SAMN03783312	
SAMN03775353	
SAMN05010847	
SAMN09623599	
SAMN07693583	
SAMN06624657	
SAMN05425823	
SAMN10139127	
SAMN04230438	
SAMN03782143	
SAMN07450835	
SAMN10253019	
SAMN03569440	
SAMN03976064	
SAMN10182603	
SAMN03295008	
SAMN08915386	
SAMN04311827	
SAMN03794743	
SAMN05331363	
SAMN08963240	
SAMN09380390	
SAMN07949760	
SAMN05199469	
SAMN07958236	
SAMN04549442	
SAMN07568269	
SAMN08027452	
SAMN08832803	
SAMN08994110	
SAMN06602351	
SAMN08051642	
SAMN05176258	
SAMN06620508	
SAMN05386396	
SAMN07737851	
SAMN10349078	
SAMN09977293	
SAMN10075557	
SAMN04039400	
SAMN07822275	
SAMN09695346	
SAMN09763589	
SAMN07771483	
SAMN06971786	
SAMN06019133	
SAMN03939233	
SAMN04606312	
SAMN10266340	
SAMN07407930	
SAMN09787694	
SAMN05176257	
SAMN07663074	
SAMN06760371	
SAMN08994107	
SAMN04580835	
SAMN05860981	
SAMN05856129	
SAMN10163166	
SAMN07781674	
SAMN10279837	
SAMN07349903	
SAMN05605315	
SAMN08100391	
SAMN07159148	
SAMN07407955	
SAMN04481691	
SAMN05181441	
SAMN05374547	
SAMN07532264	
SAMN05733206	
SAMN06145423	
SAMN04218501	
SAMN07504982	
SAMN08379236	
SAMN08406840	
SAMN09691755	
SAMN09221072	
SAMN09222124	
SAMN07964741	
SAMN09908911	
SAMN09405461	
SAMN08595250	
SAMN06131911	
SAMN07411312	
SAMN09694996	
SAMN08964468	
SAMN10055960	
SAMN04521200	
SAMN05570530	
SAMN04875660	
SAMN04018944	
SAMN09534368	
SAMN05772765	
SAMN07788126	
SAMN04382884	
SAMN05371125	
SAMN05991350	
SAMN08381188	
SAMN04621652	
SAMN09693213	
SAMN04913832	
SAMN04438321	
SAMN04870294	
SAMN05863710	
SAMN04903366	
SAMN05001376	
SAMN10139045	
SAMN07152159	
SAMN03893527	
SAMN09986389	
SAMN04621661	
SAMN05273167	
SAMN07258766	
SAMN04992313	
SAMN06293661	
SAMN07346103	
SAMEA2376920	
SAMN03492210	
SAMN09276307	
SAMN09276505	
SAMN04916757	
SAMN10348849	
SAMEA3677936	
SAMN09092945	
SAMN10391781	
SAMN03757670	
SAMN08452403	
SAMN07179168	
SAMN08339166	
SAMN10231729	
SAMN05001497	
SAMN07539741	
SAMN09691732	
SAMN08558980	
SAMN10353488	
SAMN03963302	
SAMN09697957	
SAMN10138896	
SAMN07352554	
SAMN04403345	
SAMN04578550	
SAMN06662084	
SAMN04495824	
SAMN07146434	
SAMN03938643	
SAMN10391821	
SAMN04495851	
SAMN03394885	
SAMN10055898	
SAMN07665737	
SAMN09878938	
SAMN07176267	
SAMN07146593	
SAMN04558536	
SAMN10279426	
SAMN09763415	
SAMN05687081	
SAMN07729784	
SAMN04396347	
SAMN08743841	
SAMN05607930	
SAMN10163050	
SAMN05438627	
SAMN09753024	
SAMN07629708	
SAMN05363745	
SAMN06842847	
SAMN04536584	
SAMN05372101	
SAMN05725677	
SAMN06760375	
SAMN07604572	
SAMN04254318	
SAMN09740213	
SAMN08832929	
SAMN06590303	
SAMN03968902	
SAMN09534776	
SAMN10267411	
SAMN09691871	
SAMN09779902	
SAMN10366687	
SAMN07662690	
SAMN09221009	
SAMN08105000	
SAMN06113541	
SAMN09405489	
SAMN04595054	
SAMN08796849	
SAMN07490594	
SAMN07822225	
SAMN10112302	
SAMN05788870	
SAMN10391864	
SAMN10230829	
SAMN05894726	
SAMN08868542	
SAMN04625579	
SAMN04498506	
SAMN09222061	
SAMN07767793	
SAMN07427491	
SAMN07629503	
SAMN05607926	
SAMN10227576	
SAMN05374535	
SAMEA1486347	
SAMN04498482	
SAMN03948299	
SAMN06132049	
SAMN10230791	
SAMN07679712	
SAMN04900916	
SAMN06898348	
SAMN06010523	
SAMN08868510	
SAMN02352943	
SAMN05733209	
SAMN05324102	
SAMN07410268	
SAMN04621673	
SAMN04382883	
SAMN04934391	
SAMN04544278	
SAMN07409534	
SAMN09934147	
SAMN06704575	
SAMN06030889	
SAMN07461288	
SAMN04875658	
SAMN05935603	
SAMN04625600	
SAMN07286130	
SAMN05521700	
SAMN04621491	
SAMN05591673	
SAMN08017313	
SAMN07508814	
SAMN07159149	
SAMN09222109	
SAMN04625305	
SAMN04625290	
SAMN01885947	
SAMN09772616	
SAMN04338494	
SAMN00190968	
SAMN05980936	
SAMN10060923	
SAMN05965768	
SAMN07430757	
SAMEA104121213	
SAMEA104121214	
SAMN05374533	
SAMN09405477	
SAMD00064335	
SAMN04279093	
SAMN04075513	
SAMN03940973	
SAMN03757659	
SAMN07413919	
SAMD00064348	
SAMN08095930	
SAMEA1324963	
SAMN10144112	
SAMN05605331	
SAMN03976037	
SAMN08964503	
SAMN10139567	
SAMN05553051	
SAMN05570639	
SAMN03861983	
SAMN09880033	
SAMN06805992	
SAMN07277261	
SAMN10112833	
SAMN10139076	
SAMN06131825	
SAMN05916194	
SAMN09872970	
SAMN09294390	
SAMN05763110	
SAMN07258302	
SAMN09005844	
SAMN10349048	
SAMN09697977	
SAMN06113544	
SAMN06200335	
SAMN07629553	
SAMN03734450	
SAMN03921934	
SAMN07430855	
SAMN04913819	
SAMN05772769	
SAMN08872685	
SAMN07206817	
SAMN05420729	
SAMN09232469	
SAMN07430860	
SAMN07430825	
SAMN07430886	
SAMN07807110	
SAMN07807115	
SAMN09631446	
SAMN10093080	
SAMEA2376930	
SAMN03994227	
SAMN06887331	
SAMN09753133	
SAMN04279009	
SAMN05177291	
SAMN09382182	
SAMN07781699	
SAMN04529436	
SAMN07781701	
SAMN10227684	
SAMN05916199	
SAMN05790818	
SAMN09092924	
SAMN06446428	
SAMN05893076	
SAMN07177952	
SAMN05894728	
SAMN03019936	
SAMN04992301	
SAMN09787677	
SAMN09519387	
SAMN07514611	
SAMN09934172	
SAMN07213182	
SAMN08940618	
SAMN09261164	
SAMN09474479	
SAMN08941095	
SAMN07430844	
SAMN10388393	
SAMN10224347	
SAMN09606977	
SAMN03703954	
SAMEA104121147	
SAMN03703966	
SAMN07247027	
SAMN07525046	
SAMN03481127	
SAMN03704037	
SAMN09633698	
SAMN06017298	
SAMEA2223737	
SAMN09878969	
SAMEA1486279	
SAMN09238634	
SAMN05171856	
SAMN05734303	
SAMN10224353	
SAMN05980901	
SAMN04916754	
SAMN05980378	
SAMN05170656	
SAMN05725676	
SAMEA104413453	
SAMN03358638	
SAMN05517851	
SAMN10251126	
SAMN09220951	
SAMN04498553	
SAMN08100255	
SAMN07947762	
SAMN07419710	
SAMN10170511	
SAMN07519844	
SAMN08964459	
SAMN09635699	
SAMN03165162	
SAMN09740396	
SAMEA2223709	
SAMEA2223720	
SAMN10396670	
SAMN03763793	
SAMN09691881	
SAMN03795207	
SAMN09763457	
SAMN09637243	
SAMN09695004	
SAMN07146668	
SAMEA3677940	
SAMN06847260	
SAMN10055912	
SAMN04032745	
SAMN04550098	
SAMN09428912	
SAMN05607932	
SAMN03921981	
SAMN03292355	
SAMN05772767	
SAMN04633643	
SAMN09878885	
SAMN05432152	
SAMN08200287	
SAMN08390854	
SAMN05263485	
SAMN05263487	
SAMN09934135	
SAMN08376434	
SAMN10279434	
SAMN04396346	
SAMN05291924	
SAMN09763712	
SAMN07540319	
SAMN08376429	
SAMN08376428	
SAMN08501066	
SAMN08326704	
SAMN09907194	
SAMN06806001	
SAMN08040241	
SAMN09763642	
SAMN03976000	
SAMN09908910	
SAMN05371129	
SAMN04885463	
SAMN08359684	
SAMN07456228	
SAMN10079553	
SAMN04605815	
SAMN05789741	
SAMN04116074	
SAMN09519375	
SAMN09489705	
SAMN09221024	
SAMN06350865	
SAMN04490216	
SAMN07423431	
SAMN03359637	
SAMN07514608	
SAMN07363406	
SAMN07176298	
SAMN09977297	
SAMN07617994	
SAMN09740377	
SAMN06693631	
SAMN08963226	
SAMN07312864	
SAMN07195130	
SAMN10138395	
SAMN03801285	
SAMN04588212	
SAMN08964451	
SAMN04573298	
SAMN03761415	
SAMN05432140	
SAMN06883576	
SAMN03757662	
SAMN05010849	
SAMD00075950	
SAMN07194146	
SAMN06308683	
SAMN09872990	
SAMN09623491	
SAMN10353500	
SAMN03358631	
SAMN04229532	
SAMN05957675	
SAMN03838114	
SAMN06248158	
SAMN05570635	
SAMN07317913	
SAMN09740697	
SAMN09489319	
SAMN07358032	
SAMN07672069	
SAMN03160516	
SAMN09474595	
SAMN03216756	
SAMN09694999	
SAMN07562287	
SAMN05570632	
SAMN09074498	
SAMN07439627	
SAMN05511978	
SAMN03656163	
SAMN06647508	
SAMN09697982	
SAMN04146799	
SAMN06168672	
SAMN08276998	
SAMN04161346	
SAMN04161354	
SAMN08909994	
SAMN05582142	
SAMN04588829	
SAMN07607889	
SAMN03473303	
SAMN10129688	
SAMN09907190	
SAMN07719377	
SAMN03890380	
SAMN08286628	
SAMN04075668	
SAMN09908964	
SAMN07604567	
SAMN03610433	
SAMN04286923	
SAMN05660005	
SAMN09740669	
SAMN10144084	
SAMN09763634	
SAMN07173260	
SAMN10138397	
SAMN04901730	
SAMN03897366	
SAMN09375701	
SAMN09083280	
SAMN03174704	
SAMN08196808	
SAMN05941630	
SAMN04332457	
SAMN04286921	
SAMN03402228	
SAMN05275881	
SAMN10293190	
SAMN09395161	
SAMN03922860	
SAMN03277087	
SAMN04578482	
SAMN05607748	
SAMEA2223852	
SAMN06330321	
SAMN04901713	
SAMN05558808	
SAMN02991245	
SAMN05605381	
SAMN09376652	
SAMN06445902	
SAMN04396348	
SAMN03463749	
SAMN04146008	
SAMN04588425	
SAMN09371757	
SAMN05733912	
SAMN04568174	
SAMN08332052	
SAMN07298632	
SAMN07567061	
SAMEA2223751	
SAMN06887378	
SAMN05725776	
SAMN03576562	
SAMN05826184	
SAMN05755757	
SAMN03782148	
SAMN09925319	
SAMN03860043	
SAMN09462866	
SAMN05360254	
SAMN09622868	
SAMN05790830	
SAMN09222085	
SAMN09772629	
SAMN03569139	
SAMN04571746	
SAMN04116612	
SAMN04116609	
SAMN09466998	
SAMN09691717	
SAMN04485277	
SAMN05517850	
SAMN08964497	
SAMN04028181	
SAMN09691736	
SAMN05660011	
SAMN05432139	
SAMN09878867	
SAMN07982449	
SAMN03732443	
SAMN09637347	
SAMN05216608	
SAMN10138944	
SAMN06475256	
SAMEA2376971	
SAMN07504985	
SAMN06921867	
SAMN10355079	
SAMN04208137	
SAMD00067425	
SAMN10352928	
SAMD00067435	
SAMD00067439	
SAMN05245396	
SAMN05215994	
SAMN04521095	
SAMN04537368	
SAMN05789735	
SAMN09623590	
SAMN04496115	
SAMN07257165	
SAMN05978524	
SAMN07257173	
SAMN05389706	
SAMN09880090	
SAMN03366365	
SAMN10227606	
SAMN04578438	
SAMN07625511	
SAMN04550295	
SAMN06065893	
SAMN09779956	
SAMN09763630	
SAMN10293214	
SAMN02991241	
SAMN07672039	
SAMN09221030	
SAMN03569560	
SAMN06920972	
SAMN09198392	
SAMN05845054	
SAMN08014312	
SAMN03098217	
SAMN08940648	
SAMN05017811	
SAMN05017815	
SAMN03098212	
SAMN09910478	
SAMN07534742	
SAMN07169035	
SAMN07817083	
SAMN07563146	
SAMN07766897	
SAMN07657142	
SAMN05956414	
SAMN10138934	
SAMN06894917	
SAMN04867138	
SAMN08102394	
SAMN03198341	
SAMN03256348	
SAMN08542183	
SAMN08542179	
SAMN08542173	
SAMN08542189	
SAMN06639998	
SAMEA1317732	
SAMEA3281571	
SAMN04396003	
SAMN02463218	
SAMEA4363638	
SAMEA3531578	
SAMN09633763	
SAMN10221528	
SAMEA104083448	
SAMN00011905	
SAMN04316464	
SAMD00012380	
SAMEA2494534	
SAMN05734017	
SAMN06555433	
SAMEA1569866	
SAMEA1569963	
SAMN06014885	
SAMN05966902	
SAMN06014878	
SAMN10075622	
SAMN06017270	
SAMN08100306	
SAMN06017312	
SAMN08366944	
SAMEA1569800	
SAMEA1569815	
SAMD00008980	
SAMN06015154	
SAMN06463928	
SAMEA1569851	
SAMN08366940	
SAMN05966274	
SAMN06018807	SAMN08366954	
SAMN06014894	
SAMEA1569831	
SAMN06018998	
SAMN06029326	
SAMN06014816	
SAMN06018885	
SAMEA1570754	
SAMN07974683	
SAMEA1569934	
SAMN05965570	
SAMN08172674	
SAMN05734024	
SAMN06555421	
SAMN09268807	
SAMEA1569661	
SAMN06555418	
SAMEA1570774	
SAMN05734253	
SAMN09012056	
SAMEA1689071	
SAMN05733917	
SAMEA1689087	
SAMN10147514	
SAMN05980864	
SAMEA1570780	
SAMEA1689082	
SAMN06887224	
SAMEA1570765	
SAMEA1569992	
SAMN09257896	
SAMN09225355	
SAMN09233425	
SAMN05980531	
SAMEA1570012	
SAMN04001705	
SAMEA1570845	
SAMEA1570791	
SAMEA1570762	
SAMEA2517899	
SAMEA2059513	
SAMN05965735	
SAMN09225385	
SAMEA2294197	
SAMN09228589	
SAMN09228506	
SAMN09380425	
SAMEA2294198	
SAMN05735350	
SAMEA2517949	
SAMEA2518008	
SAMN09266713	
SAMN05980534	
SAMN05966677	
SAMEA2494425	
SAMN05980401	
SAMN09266733	
SAMN09225400	
SAMEA1030010	
SAMN06015232	
SAMEA2517648	
SAMN06555495	
SAMEA2519517	
SAMEA2518051	
SAMEA2494499	
SAMEA1030091	
SAMEA1029999	
SAMEA1689017	
SAMEA1689020	
SAMN09387432	
SAMN09290322	
SAMEA2519298	
SAMEA1569961	
SAMEA2517728	
SAMEA1569750	
SAMEA2517660	
SAMEA2517649	
SAMEA2518043	
SAMEA2517622	
SAMEA2517954	
SAMEA2518191	
SAMN06661603	
SAMN06051268	
SAMN04577965	
SAMN07375594	
SAMEA2517527	
SAMEA2649573	
SAMN05750713	
SAMN06678397	
SAMN09388538	
SAMEA1710237	
SAMEA1324287	
SAMN06458127	
SAMN10330763	
SAMN08624451	
SAMN06458142	
SAMEA2247068	
SAMN09225418	
SAMEA2810786	
SAMEA1027691	
SAMEA1710171	
SAMEA1710194	
SAMEA2810794	
SAMN10065406	
SAMEA2247080	
SAMN08994145	
SAMEA1710233	
SAMEA2247127	
SAMN10068439	
SAMN05734308	
SAMEA2247140	
SAMEA2247114	
SAMEA2247146	
SAMEA2810800	
SAMN09222154	
SAMEA2258577	
SAMN10065696	
SAMEA2247078	
SAMEA1710165	
SAMEA1710193	
SAMEA1710152	
SAMN06018984	
SAMEA1710170	
SAMEA1710230	
SAMN09372340	
SAMN06475252	
SAMN05733952	
SAMEA104430618	
SAMEA104430570	
SAMEA1030459	
SAMEA104430606	
SAMEA104430614	
SAMEA104430616	
SAMEA104430611	
SAMEA1984532	
SAMEA2056911	
SAMN09633749	
SAMN06051262	
SAMN10057770	
SAMN09281181	
SAMN08110336	
SAMN06051267	
SAMEA2494547	
SAMEA2494578	
SAMEA2494579	
SAMEA2494668	
SAMEA1029977	
SAMEA2494650	
SAMEA2517752	
SAMN04577982	
SAMN08774137	
SAMN06475304	
SAMN08799894	
SAMN04577969	
SAMN09225381	
SAMN04577943	
SAMN06458139	
SAMN08558945	
SAMN08743353	
SAMN08580525	
SAMN10269652	
SAMEA104020417	
SAMN09457252	
SAMN06546090	
SAMN06458136	
SAMN09228546	
SAMEA2519432	
SAMN05980941	
SAMN09384674	
SAMN09244115	
SAMN09225374	
SAMN09302403	
SAMN10057259	
SAMEA2494330	
SAMEA1029865	
SAMN07775067	
SAMN06006416	
SAMN09266696	
SAMN04577961	
SAMN06555506	
SAMN09380350	
SAMN06015064	
SAMN09457760	
SAMN08287524	
SAMN06051261	
SAMN06883562	
SAMN07638443	
SAMN09257546	
SAMN09457615	
SAMEA104400038	
SAMN09289855	
SAMN09220920	
SAMN09691908	
SAMN09635707	
SAMN07340034	
SAMN08631040	
SAMN07812703	
SAMN08440687	
SAMN07968983	
SAMEA1324249	
SAMN06555498	
SAMN07693530	
SAMN06827086	
SAMN10075560	
SAMEA1027731	
SAMN07968642	
SAMN06706581	
SAMN07969007	
SAMN09012094	
SAMN07179162	
SAMN09878971	
SAMN05750732	
SAMEA1985494	
SAMEA2494615	
SAMN07968984	
SAMN10064151	
SAMEA1984601	
SAMN06018491	
SAMEA1027659	
SAMEA2518186	
SAMEA2519068	
SAMEA2519073	
SAMN07638438	
SAMN06555503	
SAMN09268786	
SAMEA3710411	
SAMEA3710491	
SAMN05980422	
SAMEA2517776	
SAMEA2517682	
SAMEA1030053	
SAMEA2494614	
SAMEA2517699	
SAMEA2517597	
SAMEA2517602	
SAMEA2519527	
SAMEA2519508	
SAMEA2517462	
SAMEA2519334	
SAMEA1029886	
SAMEA1029904	
SAMEA1030046	
SAMEA2519396	
SAMN05980860	
SAMN09298309	
SAMN09295146	
SAMN10057902	
SAMN08743359	
SAMN10231932	
SAMN09376663	
SAMEA3710565	
SAMEA56763418	
SAMEA47417668	
SAMEA56756668	
SAMN06006033	
SAMN09376657	
SAMN09214389	
SAMN09351900	
SAMN09476347	
SAMN06015108	
SAMN05966691	
SAMN05966643	
SAMEA3710575	
SAMEA3710539	
SAMN09388447	
SAMN09257768	
SAMN05750836	
SAMN09371834	
SAMN06019013	
SAMN09266680	
SAMN06006202	
SAMN06015138	
SAMN05750766	
SAMN04577899	
SAMN05750777	
SAMN06018967	
SAMEA2517471	
SAMEA2494632	
SAMEA1027651	
SAMEA1027692	
SAMEA1027699	
SAMEA1030416	
SAMN09753099	
SAMN09666240	
SAMEA954642	
SAMN05735420	
SAMN09395189	
SAMN05980817	
SAMN09386234	
SAMN09395492	
SAMN10353526	
SAMN06472776	
SAMN06019023	
SAMN10170300	
SAMN09753107	
SAMEA1569984	
SAMEA29972668	
SAMN09302452	
SAMN07761776	
SAMN05966772	
SAMN09289858	
SAMEA1030420	
SAMEA1569785	
SAMN10075571	
SAMN10075677	
SAMN09244147	
SAMEA2494418	
SAMN09222139	
SAMN05980505	
SAMN09519453	
SAMN09225424	
SAMEA1569767	
SAMN09232615	
SAMN09380340	
SAMEA103926512	
SAMN06458146	
SAMN06458117	
SAMN09691929	
SAMN10261227	
SAMN07774207	
SAMEA1886484	
SAMN05980983	
SAMN05851563	
SAMEA3710512	
SAMEA2518102	
SAMEA2517972	
SAMN09380299	
SAMN05966729	
SAMEA3710480	
SAMEA3710407	
SAMEA2519082	
SAMN09388452	
SAMEA1569979	
SAMEA1570006	
SAMN09244171	
SAMN05004512	
SAMEA3710549	
SAMN06018938	
SAMEA3710554	
SAMEA2519018	
SAMEA2517862	
SAMN09395554	
SAMEA2518029	
SAMEA2517924	
SAMEA2519110	
SAMEA2517858	
SAMEA2517980	
SAMEA2517950	
SAMEA2518087	
SAMEA2519483	
SAMEA2519505	
SAMEA3891739	
SAMEA48217168	
SAMEA2517514	
SAMEA954704	
SAMEA954597	
SAMEA954725	
SAMN07808843	
SAMN07809250	
SAMN06036087	
SAMEA1971573	
SAMEA1569725	
SAMEA2054468	
SAMN08915323	
SAMEA48215668	
SAMEA1964871	
SAMEA1569917	
SAMEA2054565	
SAMEA2003835	
SAMN09637422	
SAMN07974671	
SAMN04440972	
SAMEA3356040	
SAMEA3356046	
SAMEA3356034	
SAMN05003977	
SAMN08941726	
SAMN08964505	
SAMN10068518	
SAMEA3443697	
SAMN09268769	
SAMN00017655	
SAMN05004303	
SAMN05980839	
SAMN05966521	
SAMEA2517618	
SAMEA2517630	
SAMEA2054640	
SAMEA36610918	
SAMEA1569738	
SAMN09519667	
SAMEA48220168	
SAMEA954836	
SAMN07413920	
SAMN07176339	
SAMN09405542	
SAMEA2494359	
SAMN09870195	
SAMEA4668388	
SAMN09238725	
SAMEA1030011	
SAMN04440937	
SAMN08130409	
SAMN07838522	
SAMN08595288	
SAMEA3345041	
SAMN06014959	
SAMN06112952	
SAMEA1027654	
SAMEA2003842	
SAMEA1466323	
SAMEA1027672	
SAMN07839086	
SAMN07839079	
SAMN06113047	
SAMN06112951	
SAMN06113076	
SAMN06887162	
SAMN07675972	
SAMN08159843	
SAMN05763103	
SAMN07958183	
SAMN04377375	
SAMN05893032	
SAMN06458158	
SAMN07455924	
SAMN07761771	
SAMN08595474	
SAMN09787779	
SAMN06677554	
SAMN06677878	
SAMN08007322	
SAMN09289866	
SAMN06763631	
SAMN09092959	
SAMN09695349	
SAMN07557168	
SAMN07774205	
SAMN06236375	
SAMN06848995	
SAMN06072277	
SAMN08204773	
SAMN08226118	
SAMN05893023	
SAMN05914966	
SAMN06045552	
SAMN04538617	
SAMN06236374	
SAMN06332345	
SAMEA3345022	
SAMEA2445729	
SAMEA1324229	
SAMEA1324206	
SAMEA2058167	
SAMEA2055851	
SAMEA2003440	
SAMEA2003901	
SAMEA2003854	
SAMEA2004801	
SAMEA2055841	
SAMEA2055827	
SAMEA2057987	
SAMEA2055825	
SAMEA2055849	
SAMEA2057218	
SAMEA2055843	
SAMEA2055850	
SAMEA2445730	
SAMEA1027690	
SAMEA1013700	
SAMN09372453	
SAMN09222083	
SAMN06036116	
SAMEA3345064	
SAMEA3345068	
SAMEA2057343	
SAMEA2058004	
SAMEA3345031	
SAMEA3710745	
SAMN09740832	
SAMN04440940	
SAMN04440935	
SAMN04440984	
SAMN10182657	
SAMN10118244	
SAMN07815180	
SAMN07561469	
SAMEA1029851	
SAMN07149940	
SAMEA3710699	
SAMN06250203	
SAMN07346080	
SAMEA1466385	
SAMEA3891728	
SAMN06140713	
SAMN05965490	
SAMEA55367668	
SAMN08963270	
SAMN08616906	
SAMN09388552	
SAMN07629746	
SAMN06352086	
SAMN08379506	
SAMN06886161	
SAMN03765180	
SAMN05750818	
SAMN06458188	
SAMN10112356	
SAMN09220916	
SAMN07815190	
SAMN09371782	
SAMN06291530	
SAMN06685508	
SAMN07176347	
SAMN08105142	
SAMN08799888	
SAMN09244194	
SAMN05980435	
SAMN07664228	
SAMEA3710746	
SAMEA954664	
SAMEA954627	
SAMEA1030128	
SAMEA2519407	
SAMN09395147	
SAMN07189722	
SAMN06113072	
SAMN06113071	
SAMEA2445699	
SAMEA2445698	
SAMEA1569656	
SAMN05004326	
SAMN10112364	
SAMN08501043	
SAMN07998284	
SAMN07428833	
SAMN09382746	
SAMN08134145	
SAMN08057735	
SAMN08743217	
SAMEA2004795	
SAMEA104327950	
SAMN09475587	
SAMN10230847	
SAMN06006237	
SAMN08211234	
SAMN07672044	
SAMN10391900	
SAMN04482339	
SAMN04925754	
SAMN06318145	
SAMN06458184	
SAMN09458993	
SAMEA104329241	
SAMN04321450	
SAMN09464715	
SAMN10112856	
SAMN09741063	
SAMN06101765	
SAMN09396545	
SAMN09257763	
SAMN07972559	
SAMN09925314	
SAMN08743214	
SAMN09228605	
SAMN09395475	
SAMN05004238	
SAMN05004302	
SAMN09375798	
SAMN10068464	
SAMN09395254	
SAMN09388688	
SAMN03993963	
SAMN10163331	
SAMN07782181	
SAMN06445983	
SAMN04486000	
SAMN07626118	
SAMN04448788	
SAMN04448775	
SAMN04448779	
SAMN04448746	
SAMN04448751	
SAMEA3641245	
SAMEA3641251	
SAMEA954634	
SAMEA3641175	
SAMEA3641138	
SAMEA2626893	
SAMEA3641214	
SAMN05965318	
SAMN05735292	
SAMEA3641087	
SAMEA104388793	
SAMN09298314	
SAMEA55368418	
SAMN07375530	
SAMEA2247084	
SAMEA2247087	
SAMN09380251	
SAMEA3641247	
SAMN09374563	
SAMN08915327	
SAMN05004012	
SAMEA44442418	
SAMEA3710674	
SAMEA3641174	
SAMEA2494361	
SAMN05980892	
SAMEA1030377	
SAMEA1030379	
SAMN03291507	
SAMN07455910	
SAMN05992318	
SAMEA1569749	
SAMEA3345053	
SAMEA1324214	
SAMEA1560253	
SAMEA2519135	
SAMEA2004803	
SAMN06113042	
SAMEA2517491	
SAMN09395138	
SAMN10068461	
SAMEA954731	
SAMEA954550	
SAMEA3710754	
SAMEA3710712	
SAMEA2519214	
SAMEA954648	
SAMEA2494645	
SAMEA2494585	
SAMEA2258674	
SAMN05735328	
SAMEA1466331	
SAMEA3710608	
SAMN10230851	
SAMN07434381	
SAMN08875130	
SAMN06883587	
SAMN10227675	
SAMN07638437	
SAMN07688403	
SAMN10352934	
SAMEA954780	
SAMN07815175	
SAMN10352936	
SAMN09387369	
SAMEA954608	
SAMN05004334	
SAMN05004370	
SAMEA1029992	
SAMEA954846	
SAMEA1030022	
SAMEA1029913	
SAMN05966646	
SAMN10103176	
SAMN07815195	
SAMN03996263	
SAMEA2258686	
SAMN05980820	
SAMEA2519285	
SAMN05004280	
SAMN05004496	
SAMN09519649	
SAMN09345823	
SAMEA104327956	
SAMN05004018	
SAMEA2517759	
SAMEA2517886	
SAMEA2517569	
SAMEA2517751	
SAMEA2517766	
SAMEA2517615	
SAMEA1466356	
SAMN05004427	
SAMEA1569726	
SAMEA1569744	
SAMEA1569825	
SAMN06006084	
SAMN07761779	
SAMN09634081	
SAMN05004379	
SAMEA2434361	
SAMN06014957	
SAMN05004352	
SAMN05965750	
SAMN09385859	
SAMN05004063	
SAMEA2004911	
SAMEA2519061	
SAMEA104430582	
SAMEA1560240	
SAMEA2004914	
SAMEA1968925	
SAMN09388394	
SAMN09232612	
SAMN05980474	
SAMN09387382	
SAMN09444214	
SAMN09276509	
SAMN09380418	
SAMN09387680	
SAMN05980280	
SAMN10269691	
SAMN05980305	
SAMN09388681	
SAMN05004244	
SAMN05980920	
SAMN10253038	
SAMN10139396	
SAMEA2494441	
SAMEA2494398	
SAMN09658585	
SAMN10057762	
SAMEA2494365	
SAMN05510450	
SAMN04440967	
SAMN05965316	
SAMN09380261	
SAMN05965460	
SAMN05964659	
SAMN09214424	
SAMN05004261	
SAMEA56459668	
SAMEA1920624	
SAMN05966869	
SAMN05004325	
SAMN05965344	
SAMN06015643	
SAMN09257720	
SAMEA3641147	
SAMN10118234	
SAMN10057270	
SAMN09375825	
SAMEA2494401	
SAMN05004313	
SAMN09290299	
SAMN06018492	
SAMN09276610	
SAMN05003969	
SAMN05980771	
SAMN05965717	
SAMN09238633	
SAMN09227685	
SAMN09298318	
SAMN05004412	
SAMN09348175	
SAMN09395896	
SAMN08381187	
SAMEA954790	
SAMN09295114	
SAMN05004479	
SAMN10075705	
SAMN10396738	
SAMEA2004845	
SAMN06006374	
SAMN09266917	
SAMN09213523	
SAMN09213511	
SAMN09213486	
SAMN06006407	
SAMN09225306	
SAMN09388440	
SAMN10065374	
SAMN10075634	
SAMEA2519218	
SAMN10112353	
SAMN06014965	
SAMEA29973418	
SAMN06203885	
SAMN10075598	
SAMEA1029934	
SAMN05003979	
SAMN09222190	
SAMN09284718	
SAMN09298354	
SAMN10075510	
SAMN06311512	
SAMN05004055	
SAMEA104442918	
SAMN09475594	
SAMN10218214	
SAMN05004472	
SAMN09372341	
SAMN05965254	
SAMEA2626909	
SAMEA2007185	
SAMN05965538	
SAMEA1324203	
SAMN06015044	
SAMEA2007099	
SAMN06112904	
SAMEA954795	
SAMEA2519436	
SAMEA2519252	
SAMEA2519374	
SAMEA2494627	
SAMN10065373	
SAMN10064150	
SAMN05734364	
SAMEA2006791	
SAMEA3710591	
SAMN08437248	
SAMN09268810	
SAMN05004271	
SAMEA2518065	
SAMEA2519149	
SAMEA2519127	
SAMEA2518143	
SAMN05003959	
SAMN09475596	
SAMN09388423	
SAMN10075563	
SAMN10079762	
